entry_angle,speed,speed_variance,stop_duration,time_of_intrusion,path_deviation
134.8344428,3.558190512,0.838953369,247.0075474,6,1.807974708
342.2571503,0.34493684,0.0,196.4620841,22,1.659154427
263.5178191,1.288957819,0.214552137,74.13121005,17,1.307824926
215.5170543,0.844987118,0.0,0.0,21,1.0
56.16671056,1.776048959,0.27203168,0.0,20,1.498490426
56.15802732,3.043569533,0.38678044,0.0,1,1.616872391
20.91010038,0.515223521,0.553368462,175.7418924,7,1.16630881
311.8234125,1.323088747,0.220906868,117.3443603,22,1.46455687
216.4014042,1.211520518,0.459028947,0.0,14,1.107990965
254.906128,2.107833368,0.392843279,0.0,5,1.0
7.410417946,0.452410324,0.738165716,0.0,20,1.0
349.1675468,3.2077906,0.903650216,93.79271776,12,1.362421389
299.6793507,0.954190651,0.685683042,263.8368698,4,1.909289652
76.44207984,0.319342283,0.852124337,0.0,21,1.0
50.21778983,2.972417377,0.704542093,0.0,17,1.0
105.1720735,3.65729982,0.84337445,88.68415286,19,1.132707989
131.8902636,0.633636912,0.579625826,84.05926089,4,1.804835851
164.1851943,1.249893195,0.598047702,0.0,12,1.48854698
282.6633461,0.989645128,0.737358571,0.0,6,1.411619921
71.88256158,1.883876112,0.461543269,49.2573918,3,1.0
185.1243978,3.64129636,0.0,252.7848599,12,1.0
213.2692448,0.504633318,0.599298538,118.9829616,16,1.0
16.72214858,3.170366283,0.30046855,129.2229932,7,1.0
218.7161467,0.71215617,0.266286528,209.3439819,2,1.192352735
61.38868453,1.644205482,0.227372948,0.0,15,1.144181998
23.41857347,3.432588661,0.0,0.0,1,1.373921495
341.5987934,0.82225751,0.440131416,0.0,0,1.714313349
347.6275319,1.550765726,0.600319307,0.0,7,1.049425499
291.0230453,0.909073821,0.907204164,101.1759315,2,1.79964049
109.6609569,3.319408964,0.36370847,0.0,16,1.50581866
35.16196104,3.917037216,1.231006461,0.0,18,1.868784927
246.3238895,3.214115985,0.833503035,185.0734428,23,1.0
158.4548977,0.887696695,0.151565616,38.81915919,15,1.769158194
43.93376454,0.379488181,0.404686263,107.8774256,19,1.030123403
178.2636876,2.589583368,1.408617458,83.14587185,9,1.0
12.3798676,0.834064215,0.903980967,0.0,22,1.276384968
327.3553447,2.153479027,0.389246266,180.2050548,23,1.0
93.16079338,0.523732688,0.957062463,137.7080139,14,1.471694964
238.5080224,3.15426967,0.095513439,73.34385178,6,1.636430554
112.2159874,1.214871174,0.378929126,0.0,15,1.497552658
187.2244876,3.447358736,0.0,150.1467624,16,1.277471202
196.8157006,2.991078026,0.841481958,87.89450424,19,1.771800486
66.54760399,2.601154216,0.133776587,262.2810308,12,1.471352984
349.050466,1.631736177,0.567768946,265.1261783,9,1.241927885
279.0478164,0.939271934,0.0,0.0,8,1.248950426
338.219619,3.485633381,0.680166365,0.0,6,1.0
322.1378462,1.961578971,0.570337323,271.8368841,11,1.0
298.3455033,1.787056654,0.027744135,151.9855865,16,1.375755702
128.4311976,2.889605982,0.196104395,0.0,11,1.0
101.1364235,3.033717051,0.944062164,0.0,14,1.378459842
195.3705899,2.736520476,0.0,0.0,21,2.211035225
50.73272099,3.950229014,0.538028719,0.0,11,1.020876678
288.7909131,3.994470143,0.479379983,0.0,2,1.182529031
26.83823172,0.978668566,0.29686642,93.31017489,9,1.0
355.2792972,1.496623814,0.079072835,0.0,19,1.739793242
278.0081169,0.949022386,0.0,0.0,16,1.80362356
71.53764535,0.543370219,0.082669376,192.216046,13,1.0
1.987962164,1.619664152,0.566758365,49.88560545,12,1.237135299
293.5661142,1.653565153,0.839062935,0.0,12,1.468289183
254.4686438,0.350617402,1.244772602,72.85336847,7,1.326869749
262.4425805,2.521090028,0.733793337,0.0,13,1.0
277.6573248,1.836445896,0.837110545,0.0,1,1.0
26.65607462,1.545574347,1.243286419,0.0,18,1.0
129.0476623,0.314717365,0.735331684,281.1681252,22,1.709778873
41.71286143,3.876659557,0.993231524,0.0,1,1.565392765
310.7172333,0.961582255,0.448163246,0.0,11,1.96734886
224.3873257,2.910370756,0.888500436,0.0,19,1.0
119.1232889,1.999924827,0.683998994,0.0,11,1.419835573
22.8810061,0.69389808,0.503262403,0.0,22,1.354444055
111.9536358,2.581409712,1.218880887,0.0,18,1.448542093
117.0659959,3.442508195,0.118763428,202.5090323,15,1.543844594
262.6582242,0.803152324,0.256035522,279.5279158,1,2.5
229.5206897,1.86641513,1.071041871,72.09250095,7,2.5
319.3965873,3.214956789,0.988459623,0.0,1,1.44367942
169.9973731,3.462071517,0.605078838,0.0,9,1.94594757
43.05392854,1.888735789,0.735877476,0.0,15,1.0
256.7681234,1.381857625,0.806953605,0.0,6,1.260248537
273.8826175,2.708923241,0.746006244,0.0,18,1.0
202.0597911,0.971890399,0.69646244,78.9330042,19,1.400845822
277.5481848,3.521947129,0.263811568,226.9116738,21,1.510317776
177.7664147,2.212289306,1.095292789,54.31066045,2,2.219727418
188.1838186,3.55082903,0.518379441,211.8667876,16,1.0
153.9147666,0.88192685,0.203769147,0.0,7,1.830461257
9.150885628,0.871802336,0.653638784,136.6825842,3,1.134637398
38.84091372,1.521394736,0.737285239,0.0,0,1.076746465
11.31450685,1.030868133,0.758141974,0.0,17,1.205797442
229.1077481,0.379633724,0.989114122,0.0,21,2.092273262
113.1681532,1.870329035,0.448076648,153.6249634,0,1.0
183.0854488,0.977501947,0.573937242,246.3279952,8,1.480890073
326.7239306,3.271473557,0.262418871,34.578024,13,1.750429866
89.74520249,0.315511675,0.693487362,0.0,6,1.0
147.7378523,2.316339781,0.256540148,153.4136217,7,1.513277232
271.9984099,2.857291139,0.364033337,135.7422222,7,1.010653511
82.36733958,3.427885422,0.993380556,0.0,21,2.085134078
27.71276754,0.617110325,0.65459193,191.4477843,23,1.0
104.310523,1.747574636,1.169826376,99.19334209,22,1.531686782
58.03966341,0.325598869,1.070687011,31.43805348,0,1.127093507
334.6911548,3.216202374,0.686297542,43.65548059,2,1.244153958
290.9233366,1.076867103,0.741484417,0.0,8,1.184432029
228.0253523,3.697473985,0.504601697,260.8877869,7,1.744042293
313.7258125,0.777283122,1.017562963,175.7134407,4,1.377971863
289.3219477,1.327099665,0.745249782,0.0,0,1.0
67.1652212,3.060821376,0.963824373,51.58120564,1,1.452581539
321.3212395,0.301310921,0.341254191,78.23878257,9,1.412710964
153.7588039,1.375176398,0.975719201,0.0,23,1.421391485
294.4853157,1.42741512,1.068687485,48.60900053,8,1.45503303
309.86301,1.335247836,1.008272714,0.0,17,1.76759098
2.502766991,1.280429862,0.649587426,53.68211822,18,1.850085682
183.8690289,3.07817801,1.074597616,0.0,18,1.518871258
150.2679611,1.852924358,0.142852751,0.0,16,1.559774362
79.95881177,3.589324309,0.829388855,0.0,1,1.385509041
43.15153224,3.001858809,0.886580037,142.0759519,9,2.267609449
121.5414617,1.651400359,0.800496686,0.0,4,1.0
339.4474934,0.946903564,0.223852021,134.8641159,6,1.041420136
116.3530555,3.764101034,0.691743224,112.3831963,5,1.0
186.7646238,0.758014425,0.497559197,0.0,1,2.147190723
253.0868252,1.349264906,0.0,89.59730469,7,1.218847265
130.9066569,1.032196422,0.128914432,91.53106903,3,1.0
349.8415498,2.506168806,1.064503269,198.6108912,17,1.0
346.4810262,2.037160668,0.440834233,0.0,3,1.529983799
90.6416265,0.805336702,1.022452213,0.0,7,1.320116494
179.0094621,1.965902992,1.057460324,0.0,16,1.266667506
108.3161915,0.362914796,0.818496303,0.0,13,1.389546643
102.542578,2.818378749,0.354227548,122.4728503,7,1.764444858
13.27930105,0.808274248,0.977693832,0.0,13,1.677057763
219.4431602,3.135781097,0.685422529,177.0093899,7,1.0
180.9644484,1.217155333,0.617867173,66.93302602,13,1.426199886
18.53235045,3.123627761,0.23535722,0.0,22,1.92814834
100.3127271,1.751826388,0.399687061,0.0,10,1.394193404
326.9757189,0.757492508,0.241177962,0.0,8,1.07136453
86.24228064,0.791948014,0.983652068,0.0,16,1.0
52.16215395,1.832843093,1.213747709,0.0,16,1.401948059
176.2029937,0.717664035,0.969474173,174.452741,11,1.221957245
354.8341635,1.694019946,0.679569151,50.90620587,19,1.21481924
87.13989774,1.922694984,0.477264896,78.01980699,1,1.392322501
241.9687971,3.408526574,0.790566475,0.0,23,1.030135083
274.1830615,1.616712331,0.433169595,0.0,16,1.816919092
85.54951584,0.462330785,0.587455251,0.0,19,1.271701461
262.1578855,1.710141883,0.271412827,0.0,10,2.09440332
132.4019278,2.963106794,0.860256337,0.0,8,1.713319515
227.630099,2.236393621,0.880363302,0.0,17,1.269624667
228.0706959,0.733365167,0.963542254,0.0,5,1.0
192.8788863,0.501556424,0.823114243,51.901801,3,1.565173786
32.50431722,2.327411636,0.795188056,126.1411851,13,1.489175873
300.7088984,0.758915766,0.182471187,0.0,19,1.019873532
115.4808234,0.329505292,0.165729308,110.3627402,21,1.0
67.14666374,1.359973518,0.732422477,0.0,9,1.294712108
14.67905096,3.884293206,1.040359159,0.0,3,1.393632262
212.7214595,0.610551953,0.493107386,119.2509102,14,1.364041732
243.9231703,2.907497908,0.602243513,60.03340262,8,1.30130285
5.971618414,0.890332648,0.606398432,268.9623785,11,1.778061004
184.353501,2.709835681,0.0,232.0469626,7,1.045783564
81.53847907,2.127326666,0.696169767,83.57664529,23,2.058202098
232.2622045,1.612854774,0.380059189,119.6144323,4,1.0
62.77191444,1.843440444,0.844432172,58.92170833,15,1.008585269
248.7375857,1.12261922,0.587465084,44.92501676,21,1.0
139.2247247,1.195872185,0.528294986,51.000418,14,1.388306217
337.2227959,3.096431821,0.537008384,0.0,16,1.459591751
49.50753989,2.677941674,0.469192142,0.0,0,2.001363845
122.7838864,0.453860498,0.055380663,0.0,11,1.385598981
40.85046765,1.308843809,0.981339425,0.0,19,1.638728726
332.8897026,2.661823771,0.346438421,0.0,18,1.0
315.8421672,1.790592129,0.412899103,133.0967877,4,1.0
92.85898598,3.033320992,0.631626182,0.0,14,1.823327757
237.5942566,1.895934496,0.153778804,0.0,8,1.676597858
294.1999921,2.523819784,0.400368097,41.59945979,2,1.395617891
199.8722922,1.09493201,1.366597207,0.0,11,1.0
190.6742082,0.591938665,0.734693746,118.9188773,22,2.272307418
87.06682472,1.873907239,0.25687887,0.0,18,1.631521839
33.51699641,1.757305595,0.0,0.0,14,1.023461691
322.9976729,1.49319552,1.000557697,249.2958173,2,1.321120769
324.1505006,1.021388847,0.195166688,0.0,19,1.0
256.3845197,0.423949645,1.102743148,0.0,5,1.42184234
85.4096715,2.973220087,0.043825882,0.0,22,1.673649412
117.1438913,0.396409811,0.88607961,241.50646,17,1.08372782
268.7369058,0.775655616,0.0,0.0,13,1.296643211
233.8678437,2.065827537,0.603047401,0.0,11,1.501217229
305.7204278,1.669942613,0.953992313,44.98020877,5,1.761540131
236.7406412,0.301769285,0.0,0.0,21,1.0
204.5910972,3.946614159,0.388648356,65.74980884,19,1.231697558
33.72291642,3.167224432,0.66132478,141.2942558,19,1.0
132.3776891,3.783939826,0.462327821,0.0,17,1.518931584
95.47285237,1.831534972,0.33157017,0.0,2,1.177069688
87.83627162,0.722392305,0.546609812,0.0,5,1.625864847
350.2837997,1.645490539,1.015009529,0.0,3,1.0
141.5151809,3.194797782,1.147581963,0.0,18,1.110425135
321.1367599,1.405182104,0.882008466,196.702795,16,2.101450199
227.2099054,2.370217461,1.221344504,0.0,10,1.218557238
286.1320693,1.489179962,0.386087772,102.8474251,13,1.732755055
180.9493535,0.807352511,0.838713863,0.0,10,1.0
207.6853985,1.204451326,0.192461384,194.6625425,18,1.0
177.3063698,0.519969064,1.772449779,253.8629473,16,1.86209167
70.28747561,0.504059701,0.640058825,78.70227166,3,1.622352599
260.0827615,1.474727785,0.921642772,0.0,11,1.132997102
101.0780505,1.756294924,0.0,0.0,3,1.953652862
8.753747915,2.383189899,0.912533818,183.1606319,11,1.051542068
232.3700265,1.397681135,0.645479696,264.9341959,16,1.0
63.75984459,0.584426122,0.78564196,257.359561,14,1.306184781
338.5650904,1.25270786,0.605428873,166.9945218,6,1.19179682
307.083404,1.7741715,1.057570442,221.2775224,23,1.320343879
106.0016011,2.987577541,0.0,72.47888273,8,1.432752955
138.6351823,0.444302312,0.059252933,0.0,0,1.028291097
306.4092017,3.367345043,0.328707691,0.0,5,1.29646413
114.0919219,0.517103055,0.0,0.0,15,1.290013131
61.01738881,3.666458528,0.434775126,175.3766054,14,1.572266455
200.4484545,2.826982583,0.611247182,84.48250017,1,1.66317965
337.0157187,1.735947202,0.859443787,0.0,12,1.148261035
250.5707268,0.508513432,0.672230566,0.0,23,1.776908183
205.2220212,3.364366332,0.602095914,200.4279708,4,1.081817315
34.98353776,1.696539022,1.009496516,117.0401849,15,1.746596481
221.4026016,1.120738353,0.95595327,64.86849027,0,1.036998955
356.419386,0.769912459,1.363136499,0.0,20,1.0
50.43024549,0.605445836,0.674649538,122.0190881,9,1.18095128
186.5986749,0.568641751,0.0,0.0,15,1.201355177
315.8543059,1.985033845,0.770879447,129.529445,12,1.0
266.6767024,1.205093754,1.507612485,0.0,20,1.148289556
250.9256668,0.928760435,1.010394438,68.13959727,1,1.083196774
252.8942702,0.89401136,1.102120028,0.0,3,1.301086743
129.4168144,1.716331027,0.637931949,0.0,21,1.518981308
105.6930639,0.416970061,0.96525466,0.0,0,1.267166472
291.370016,1.546594263,1.123171413,268.7446059,10,1.0
291.6408221,0.807567213,0.466299874,131.5749577,8,1.154422091
312.1460347,1.393480551,0.39968682,274.5012438,22,1.696484788
328.7665989,1.97911217,0.781881225,61.95489413,5,1.0348356
184.0832636,3.431739087,0.987704612,184.3126131,0,1.0
180.5458661,1.456240044,0.0,0.0,7,1.0
287.3862644,1.880348196,0.522088253,0.0,7,1.026302077
233.9870151,3.510684031,0.0,180.3905096,3,1.630105383
252.7080758,0.955439927,0.550969108,65.49896854,3,1.007701848
286.485361,2.889658515,1.275845782,173.6750756,0,1.285473593
320.4019231,1.894714105,0.350392656,0.0,7,1.104034818
12.93921857,2.340591169,0.614927181,0.0,18,1.0
167.6152865,2.484344246,0.828186736,66.5393218,10,1.0
195.3520685,1.381175001,0.810633331,88.56463144,19,1.0
103.1548508,1.608512343,0.318501719,0.0,9,1.644508231
212.6999738,0.328341477,0.0,0.0,5,1.216767013
10.98008998,1.504038008,0.241190291,292.006798,6,1.326274666
13.44534795,0.945209194,1.175492366,222.6472487,1,1.199692375
296.1362018,1.643324314,1.485285274,257.3520079,22,1.219295996
129.6686309,0.610153153,0.563592637,0.0,17,1.676777413
45.74178455,1.475650984,1.160072019,145.7800322,17,1.706413063
188.0075736,1.706844357,0.48104073,0.0,16,2.01555227
277.1976791,2.656714705,0.739613246,46.09379977,12,1.0
77.6955699,0.442207756,0.354318011,0.0,14,1.143661243
224.2405713,0.523158853,1.005819415,150.4006719,10,1.377988171
30.7250874,1.071252685,0.344553645,121.3784815,6,1.929302195
18.60541962,3.88244327,0.2429546,0.0,16,1.022167478
191.2876674,1.176613693,0.618700395,0.0,18,1.678250874
194.6286438,2.483739272,0.926706568,0.0,7,1.056107704
229.4747645,1.861362719,0.665461245,92.9192573,16,1.689459617
261.3928801,3.300327065,0.412389306,0.0,15,1.337241364
351.3067486,1.109624986,0.240128751,0.0,13,1.0
185.8681254,1.400149554,0.0,130.289046,21,1.25278656
116.2643303,0.849342025,0.417498765,255.0212808,17,1.545589645
286.2670301,0.842305136,0.538834466,0.0,8,1.0
97.49961045,1.406538314,0.821584223,0.0,17,1.663986894
158.0297115,1.039932189,0.133157049,0.0,21,1.0
28.24429728,0.586662936,0.86727504,65.95246028,19,1.212645076
9.12626763,1.932130073,0.362336629,116.2540707,15,1.256377522
346.5534293,2.835210495,0.394491762,235.2550571,16,1.0
300.9528434,3.220951023,1.099487907,108.9722605,16,1.054168541
250.5507142,0.466122393,0.0,0.0,15,1.46712725
147.22306,2.796710644,0.109268424,0.0,18,2.045169608
62.38595523,2.416972413,0.618258223,37.8194357,10,1.629018357
220.2194686,3.914213106,0.70027671,0.0,20,1.249436711
151.0560225,0.41038207,0.01362535,0.0,11,1.202091747
89.18315622,1.738559498,0.382888408,182.8140941,2,1.47671764
128.1501643,2.376560698,1.289985233,0.0,8,1.689995322
272.8245998,3.442939076,0.863340937,0.0,11,1.143051018
5.181655907,3.232403717,1.046154424,203.488668,7,1.0
41.78615058,1.200266155,0.144672933,248.9217996,18,1.267968212
16.56095113,3.042004346,1.090111381,249.3213783,4,1.0
14.66236883,1.968901717,0.030418796,96.77995003,20,2.073356257
307.9658102,3.502140958,0.043072319,287.2043278,4,1.0
253.3168294,1.233848369,0.934047725,152.548765,7,1.252872154
170.7025785,2.231426599,0.067567828,96.68021167,2,1.015890268
35.22029783,0.920594879,1.207024382,0.0,18,1.092796491
176.981715,1.591449931,0.099036049,0.0,23,1.633646973
170.4498375,0.998992174,0.211175069,116.2676103,8,1.721183016
62.35267317,3.415784061,1.061268625,0.0,20,1.562336385
156.1865937,1.419105086,0.351699156,0.0,23,1.687197887
143.4617044,2.865128999,0.91806193,50.196024,13,1.08950958
221.7060353,1.243661013,0.154645454,69.68122723,20,1.0
228.6337143,1.393448153,0.489359704,0.0,19,1.000333011
16.30944352,1.420134554,0.896345967,0.0,1,1.472421364
134.8605413,0.994397906,0.261710353,0.0,14,1.786782401
225.3095697,2.812549601,1.009090738,0.0,3,1.0
181.1290531,0.346318105,0.455885797,0.0,1,1.157861654
308.3363428,0.461823118,0.648036467,0.0,22,1.190791347
237.1297074,3.27670861,0.198934991,223.1374061,22,1.0
58.65639375,3.704139676,0.291855303,0.0,8,1.538745531
25.40474906,0.471703066,0.262343058,0.0,3,1.699434988
231.2709402,1.42921078,0.356410692,0.0,4,2.281179614
9.544071795,1.254881956,1.218481221,88.35138996,10,2.089971114
210.8792093,3.426506063,1.048315966,207.3425911,3,1.616020953
338.4828869,0.458388709,0.780719831,112.1129432,3,1.116106809
207.170704,1.473539647,0.336552706,128.111238,14,1.582786052
139.7411734,0.834542341,0.263168418,66.45812907,4,1.0
231.5837586,0.352460809,0.212154283,0.0,2,1.564511732
164.9710406,0.992428915,0.478466505,143.8435921,15,1.446263331
196.4220442,3.070795055,0.712051686,0.0,22,1.330769865
338.9273312,0.318443133,0.845708623,130.2133458,0,1.0
138.9969496,1.91289598,0.605763267,111.9876836,0,1.617555834
346.028603,0.412275713,0.826179248,165.1549237,0,1.0
325.9262311,1.456894555,0.974380522,0.0,2,1.72209017
70.48480852,1.894521244,0.451297573,0.0,8,1.54037579
24.97006832,1.143310036,1.039352056,0.0,12,1.471782484
36.2800805,0.362043082,0.206506591,214.7250142,23,1.0
6.559857235,1.587974248,0.834552767,0.0,12,1.039092468
33.99946587,1.125378884,0.612785636,140.7692491,20,1.0
245.8824384,0.535311765,0.670120022,94.7786079,22,1.636087358
25.62791345,3.457418497,0.452879413,186.8131021,12,1.314519884
114.8312269,1.156634181,1.098928435,0.0,20,1.085012151
304.1551119,1.542570203,0.358305486,40.81652991,7,1.245465284
8.377896865,1.989206526,1.154983291,0.0,7,1.719912923
293.2086537,1.709123841,1.157612827,0.0,18,1.0
101.4677189,3.978204029,0.780444835,101.2591933,4,1.124626985
42.53933794,0.951393419,0.474865353,201.6769436,23,1.0
250.8253795,3.934110806,0.264890642,0.0,9,1.0
226.4194248,1.626916279,0.0,147.792897,18,1.199661275
315.8899249,3.192912213,0.815951247,0.0,2,1.73369982
264.6255758,3.605732745,0.15540198,0.0,21,1.556720177
289.2531349,1.969925574,0.211406711,239.5076502,6,1.695819948
101.5324461,0.968934966,0.820403133,0.0,22,1.565305411
63.87823576,1.836938845,0.428046,0.0,5,1.0
270.2213106,2.793483943,0.687039833,0.0,6,1.977898441
290.4605061,0.686279757,0.784233065,281.8093665,6,1.596789261
356.5818511,2.405938828,1.241880061,0.0,19,2.018691287
148.5423637,0.628416234,0.679429469,0.0,7,1.969536015
133.9265109,1.096892161,0.380154139,179.0553004,23,1.263447378
279.5086659,0.354370689,0.569968703,0.0,1,1.104388444
122.6892745,1.354941964,0.368852556,0.0,14,1.0
335.0726372,2.248320373,1.351901834,104.3193776,9,1.36649577
309.0285907,1.796911566,0.748893438,112.4736813,20,1.284278894
154.4378499,3.673434731,0.833867072,111.2547554,14,1.044367714
270.3135844,1.592954273,1.141000764,0.0,1,1.100427015
271.6354347,1.93778763,0.260940123,290.9896248,2,1.50765892
37.12459278,3.596792298,0.029404518,0.0,18,1.0
324.9190464,0.344894677,0.590903688,79.59346052,4,1.812312223
181.8908541,2.386077483,0.030528471,0.0,23,1.64993568
297.5246878,2.33110636,0.435557764,0.0,18,1.157355674
115.2178564,2.538067098,0.0,33.02986769,6,1.269596734
322.3883623,0.7770745,0.059327186,213.3104865,20,1.427016791
140.1126043,1.068453169,1.08917201,0.0,13,1.625970618
3.901554533,0.432019252,0.761854751,0.0,11,2.111511616
325.9375115,0.440609515,1.319060593,85.20291125,9,1.089543384
32.86320364,1.739821634,0.587544772,0.0,9,1.845578813
114.9529095,2.911454801,0.572187117,0.0,3,1.211369029
342.0223081,0.510158978,0.686189846,0.0,17,1.140816341
342.2185729,3.413993927,2.035472514,157.0195693,5,1.196804428
206.4376397,2.968520859,1.021041895,0.0,19,1.73317429
227.4613964,0.777060175,0.263758154,0.0,3,1.071165229
161.4403879,3.091554971,0.76293686,0.0,4,1.342688008
105.5558778,2.932513482,0.661026287,0.0,13,1.094782406
118.3192363,3.555150054,0.888362009,189.2486031,8,1.128608184
242.1066442,2.035262818,1.349288005,51.36778148,14,1.840286093
270.8548306,3.204099087,0.835110234,0.0,0,1.29573804
284.9684557,2.851068595,0.451696263,228.2276837,20,1.033567564
284.2625314,3.730741603,1.345739568,145.3486409,20,1.126382808
32.8341971,0.403693745,0.07765068,0.0,12,1.411738114
177.9913097,0.80057393,0.491536267,0.0,1,1.279102916
20.72115361,0.679180777,0.960583424,124.8240431,14,1.300977484
197.8303976,0.98128252,0.283798914,193.9139274,14,1.180455624
158.9509805,2.124090521,0.579289903,177.9803088,15,1.717619821
319.5735058,1.953254856,0.319470663,154.142221,2,1.530605478
126.3294045,2.95029436,0.584664194,0.0,12,1.210146404
42.14412591,2.394411794,0.32016041,0.0,19,1.351979718
51.47700554,0.718340295,0.631617909,0.0,0,1.0
274.1438274,1.284655393,0.468150991,0.0,13,1.270502272
222.5585028,1.406012536,1.130896509,0.0,2,1.023881731
36.4041634,0.487366732,0.754199846,276.3359409,16,1.378242819
30.2784502,0.831693284,0.895251916,0.0,16,1.258611882
252.3488873,3.026780147,0.657724083,79.12520207,8,1.20364447
26.19468229,3.304513036,0.426231258,0.0,19,1.357154274
295.8696213,0.431722252,0.733920256,297.7134653,19,1.41943585
254.2472018,1.778535371,0.681117123,279.3104245,3,1.736149901
29.28556103,0.641208332,0.0,141.3972069,10,1.611428162
30.54157707,3.211543673,0.613421224,147.0942702,14,1.680434107
355.1902483,1.359636743,0.868784666,64.18135166,12,1.159191527
134.7374865,0.589447996,0.313560366,0.0,23,1.415083157
133.4311729,1.252218393,0.947008198,128.233464,19,1.993954365
292.6078442,1.869459117,0.742236676,119.0678024,11,1.261256873
341.0094879,0.715524778,0.441287525,75.23771151,14,1.351732192
354.960383,1.993360855,0.816761341,293.7125804,5,1.357084111
271.2161467,3.222413504,0.452563192,36.86583325,17,1.258416702
135.4534508,3.071073356,0.710719256,49.78866456,21,1.815262266
30.06025801,1.874881967,0.496031356,0.0,16,1.123155098
279.7728897,0.852265628,0.8196021,64.7591103,20,1.731977105
201.0255299,1.399858695,1.138729896,0.0,23,1.607802466
152.7199233,1.848668676,0.42555242,0.0,16,1.275689117
326.2875786,0.701189546,0.960890733,246.6281526,10,1.135576419
40.03109363,1.459237391,0.480415094,0.0,17,1.286918439
177.3450375,1.239744173,0.483550985,114.1773195,2,1.763686267
4.087312116,0.591141573,0.441894213,0.0,22,1.730752208
168.7178311,0.576553428,0.0,0.0,23,1.619984357
20.26917925,0.475039731,0.800142528,0.0,3,1.265428958
42.77444986,1.699193198,0.713618604,239.4078124,12,1.317428243
42.30944884,1.50320467,0.665180158,0.0,23,1.550528709
233.7157088,0.693597752,1.221808163,95.31269434,0,1.205258752
268.5761565,2.360759538,1.265848452,0.0,18,1.635033115
210.0127554,0.97200886,1.123179225,117.8341812,19,1.360689333
346.3821175,2.640009772,0.505868641,116.0874073,4,1.705585631
134.9534086,3.776669254,0.485579032,0.0,12,1.0
102.8563511,1.96376765,0.19273706,0.0,15,1.057134409
312.6956861,0.903590211,0.624734708,0.0,15,1.166814745
80.49450187,0.598306084,0.603301348,0.0,10,1.465006774
346.7601142,0.476165105,0.815377958,0.0,8,1.149664443
4.375610888,0.83091217,0.172461437,0.0,17,2.172074311
349.1563776,2.659860042,0.4502955,0.0,14,1.0
15.5375683,2.654952773,0.0,165.1906464,12,1.707866219
320.8115209,1.580043555,0.313584508,0.0,6,1.79207178
189.9723993,0.913623695,0.957053824,0.0,2,1.499312399
357.4673266,0.71320935,0.159430026,0.0,11,1.1737739
26.5667633,3.537458456,1.297591267,72.68746443,17,1.292327319
199.3875424,1.941425672,1.003560992,256.6825007,8,1.62682365
348.9489128,1.764432862,0.800496461,270.8110954,2,1.0
188.3152239,1.918979326,1.133414452,0.0,23,1.046279859
226.5835097,2.12595288,0.551586493,0.0,0,1.084966299
250.469528,0.903871849,0.304990208,244.651633,20,1.517847728
163.6347833,1.259916474,0.56162307,46.88436209,20,1.735592521
225.9209088,0.766413726,0.0,62.40176527,21,2.092392976
210.3531523,0.717148768,1.076295239,0.0,6,1.0
324.4168838,2.092066272,0.460444569,122.1161736,18,1.0
16.36069692,0.688158789,0.297917292,0.0,11,1.163147482
101.1467483,3.804212931,0.344182017,121.8190444,13,1.522451846
342.1481343,0.962416229,0.606630575,0.0,12,1.605763968
320.4949622,0.441189974,0.647849208,292.5252301,4,1.0
164.036431,1.890811894,0.541558377,0.0,11,1.450549436
223.2477352,3.958751639,0.539780155,122.1765332,7,1.0
99.85722587,0.670842441,0.819903741,0.0,5,1.416768701
67.7236175,3.342668062,0.160529699,0.0,17,1.289545033
166.9314258,1.669926342,0.690076568,0.0,6,1.260143297
127.2068021,2.696178065,0.472854843,0.0,18,1.143265335
210.1162003,2.57765556,0.0,269.7953285,14,1.264127384
27.98446931,0.553605099,0.166678705,32.73561568,9,1.428645144
350.7821308,3.686722258,0.283207657,0.0,8,1.96427739
355.035868,3.626302402,1.268157242,64.36801022,19,1.0
251.338217,1.614421298,0.781001622,0.0,15,1.19084907
192.9946919,3.55872653,0.708395768,0.0,19,1.516343378
111.4299419,0.97583996,0.405211294,0.0,3,1.275876201
292.9662071,0.64987558,0.395060568,0.0,9,1.349659799
246.5032221,0.947881028,0.126848086,86.69120169,9,1.065352202
58.54209816,2.63300428,0.469436267,0.0,7,1.630148115
327.9337864,1.33466501,1.150243748,36.93701035,0,1.0
296.1134075,0.96538526,0.072753068,76.80261751,2,1.0
341.9279688,1.213712975,0.365428811,0.0,23,2.082185778
261.259023,3.25133866,0.970474826,0.0,11,1.0
220.8294705,3.436720438,0.96938979,105.3818788,6,1.0
150.5674931,0.861873069,0.31178379,0.0,21,1.0
335.782254,0.736455467,1.065448035,37.88216417,22,1.083548512
311.7830002,0.737445729,0.426121217,0.0,0,1.292280656
16.27872124,2.437681634,0.140296167,0.0,23,1.731596495
9.492110819,1.000554185,1.199324796,0.0,19,1.490969268
135.5268121,3.645167464,0.636784273,188.9588779,0,1.205558821
291.7991991,1.836520194,0.532855415,0.0,3,1.999649859
355.4194066,1.899339409,0.669931894,174.0124291,17,1.133108476
54.1500808,3.993122839,0.212030322,0.0,4,1.32303218
213.8870575,1.022133276,0.375238565,187.9649761,0,1.347705861
137.1207084,0.887740571,1.174760732,0.0,0,1.638801689
349.1691832,0.603649082,1.343653064,0.0,4,1.0
303.1628123,3.434238971,0.154731955,0.0,17,1.0
301.7983337,1.995856429,0.444256571,120.4406172,8,1.67707999
168.7295375,0.666826369,0.601755305,56.08285765,9,2.013917313
149.3350208,2.717940859,0.680277546,0.0,6,1.154363116
98.4265459,0.607133554,0.219845739,193.4867408,14,1.0
20.29517879,0.434961332,0.860176201,90.18213883,13,1.0
311.3000555,3.740483316,0.890395602,243.0059762,3,1.714483693
292.6443633,1.087327373,0.940124713,65.0536403,13,1.0
359.8983624,0.714168174,0.900985664,0.0,6,1.325531122
358.7892613,0.833561553,0.632493056,0.0,7,1.229509544
199.955414,1.284697969,0.996222345,229.0988045,23,1.029832457
276.8354695,0.598107993,0.817626505,0.0,7,1.0
340.1156628,1.110021243,0.006449953,0.0,4,1.578463681
305.8730606,3.101008282,0.009262884,244.9338754,22,1.610962491
89.04531663,2.448264359,0.723429904,0.0,10,1.766929757
162.1958887,0.373457426,1.114327391,103.7014815,22,1.493736304
46.49738945,1.257578782,0.778418182,221.8079695,1,1.303028722
343.4583698,3.564878819,0.835326279,0.0,14,1.365304367
218.2228684,1.689338822,0.176364241,0.0,18,1.696330207
82.31140998,3.715222471,0.626937208,0.0,17,1.0
241.8122464,0.545329142,1.056842639,0.0,14,1.47758485
222.5261666,0.905800584,0.778324602,198.7772715,18,1.068696259
128.9385785,0.499178427,0.641856929,124.9858015,6,1.450459482
40.88073319,2.081399591,0.83765017,73.85979517,3,1.0
241.7663504,3.354643176,0.690616503,0.0,13,1.640026905
187.3107723,0.998738516,1.069815359,0.0,7,1.535028736
278.034621,1.222529782,0.690315019,0.0,22,1.017842044
187.2588604,0.881991635,0.58770098,251.9898255,9,1.113172615
306.7853401,3.830281479,0.181055201,276.5570718,12,1.076402471
198.686462,1.204264758,1.085756738,0.0,5,1.322891619
201.9376698,0.758517287,0.223832389,80.53696511,3,2.111908172
315.595297,0.885531234,0.694991345,0.0,4,1.0
145.2538318,2.901246829,0.920382426,63.70297991,9,1.430274818
48.24548224,0.336644137,1.315734331,0.0,23,1.472312013
10.36176347,1.879184918,0.690651768,0.0,12,1.087617761
271.849412,0.515004965,1.156516885,0.0,18,1.0
223.3114385,1.203886475,0.610954555,0.0,10,1.21959096
253.4687165,1.769023239,0.375829271,296.7049816,18,1.0
76.66709814,0.356592761,1.706568656,0.0,4,1.522577792
49.09373121,1.308607682,0.11276537,149.7713083,4,1.0
5.23607964,1.429817698,1.768529749,0.0,0,1.2799718
126.2115212,3.131266903,1.251346768,59.89937252,20,1.0
212.3703673,2.217763232,0.370079024,0.0,8,1.74678791
141.2078562,0.770473547,0.859939221,0.0,6,1.927924792
157.4909719,3.012147797,0.040898317,0.0,8,1.156369704
325.49713,3.408244708,0.837212921,0.0,9,1.0
125.3719681,0.491895317,0.728839803,158.1425623,20,1.969012455
185.0362161,0.908039719,0.946589669,61.01262918,2,1.245456262
282.1150846,0.936084936,0.438408796,0.0,17,1.425661465
142.7554016,0.617697279,0.663609817,0.0,8,1.251481954
223.9512121,3.665738084,0.790509869,42.00123047,4,1.21775485
310.4509351,0.763700981,0.404614764,100.8223979,10,1.102860956
341.8274245,1.502294409,1.162438141,69.59028644,0,1.0
52.94645313,1.453173412,0.652055411,0.0,1,2.006997425
333.5715451,0.773363615,0.737749589,0.0,17,1.379190312
177.1618655,1.1580613,0.266888849,0.0,19,1.267398446
92.96797979,0.531443068,0.0,0.0,13,1.671252152
165.2888722,0.371809192,0.061463679,67.11233031,21,1.076201031
352.8117271,0.672631422,0.838525795,220.7420321,7,1.447875246
177.3425138,3.156281348,0.283883681,33.82662045,18,1.0
118.3505797,2.23955676,0.891551084,73.31891354,13,1.161994975
228.0243076,3.684932814,1.261896618,0.0,13,1.533766835
86.45242276,1.162280824,0.908390608,0.0,21,1.409955207
27.31079812,1.784510136,0.770524257,275.5167336,19,1.169579247
46.39669989,0.68096573,0.86227291,284.3837008,7,1.592369762
46.09650202,3.931377833,1.041609447,33.25474707,8,1.0
54.68496966,2.609991037,0.724687662,69.72394505,13,1.0
49.97778215,1.939197433,0.865477983,0.0,11,1.118941808
230.7149081,3.365156274,0.373833755,0.0,12,1.207829042
65.47683038,0.980429466,0.209515082,37.74729478,5,1.1670242
124.440222,3.012793409,0.397682709,0.0,13,1.129234452
322.8438276,0.510858024,0.469457044,224.9852276,14,1.661463289
170.6261905,3.427782939,0.453133964,131.289912,1,1.901461441
240.3207859,1.049244401,1.058657011,116.8102629,17,1.247783435
62.03515363,1.275922553,0.0,0.0,9,1.536744085
69.22404677,0.823823161,0.514507101,143.4227974,20,1.00594766
14.71270186,3.482171595,0.897312199,0.0,6,1.262131089
60.81662271,1.541220628,0.882705252,178.3059713,21,1.485379018
100.2925221,1.889214013,0.27242691,0.0,4,1.0
63.72377434,1.552946894,1.295487127,0.0,7,1.599967917
31.93291215,1.168569144,0.046498892,49.62113831,19,1.009161491
43.4289136,0.863945848,0.460013146,92.90030037,12,1.708531172
165.8803565,2.457716552,0.476068607,0.0,6,1.639828136
74.28013863,2.827033709,0.472059934,31.66903167,17,1.746236189
131.13715,2.767430699,1.143880169,0.0,8,1.709533558
181.2302175,0.887737147,0.606385209,0.0,11,2.073058989
248.5421383,1.035551878,0.72791019,0.0,23,1.502981318
14.15237034,0.752670927,0.951726917,239.5914974,16,1.0
287.7877436,3.134679859,0.344167306,0.0,9,1.351543914
226.0441402,1.489272226,0.538108015,92.32730951,6,1.116933042
29.4332515,1.774849847,1.270427171,30.41305923,20,1.0
314.4883047,3.252731084,0.751297172,0.0,4,1.811510208
331.5140642,0.900311373,0.1620092,115.845952,22,1.177511631
21.98806555,1.257006232,0.25745654,0.0,14,1.0
99.67595333,0.629532155,0.956773147,0.0,15,1.042093341
290.2324607,0.559991838,0.148210339,101.3946978,15,2.206020364
269.3734885,3.073071547,0.410803964,109.7837372,9,1.846950973
66.42756697,3.103948391,0.681320879,0.0,13,1.591795933
75.3657564,1.304443449,0.605448603,254.0695388,19,1.552308923
133.369957,0.562848069,1.193287037,0.0,16,1.0
174.4282747,0.855513838,0.0,0.0,5,1.0
222.5717178,2.93047863,0.792778869,0.0,0,1.523208668
132.8089102,3.791767674,0.486966848,164.0570318,10,1.935383686
166.5124978,1.366013392,1.126803283,0.0,0,1.0
269.0895377,1.270886055,0.505749151,0.0,11,1.261378002
13.20595304,0.949578343,0.517340295,176.7835701,23,1.39370027
90.87729996,0.524007692,0.598369365,117.6563016,19,1.107415257
256.8058509,0.743835356,0.335543739,0.0,14,1.229649483
322.2744616,0.669640895,0.363634931,0.0,4,1.0
184.2038792,2.441291889,0.54041772,34.61470859,9,1.423500163
191.5608547,0.308002874,1.257988973,66.37436101,16,1.368907565
38.58192408,2.999124622,0.40346006,137.3803111,9,1.546508418
161.0684521,0.459460529,0.32500105,112.7492563,6,1.218343017
191.7422159,0.619141156,0.439940757,0.0,17,1.585116768
87.28938131,0.65955687,0.601358414,0.0,5,1.435489978
96.92756314,0.866939184,1.31697783,0.0,8,1.794131844
135.8222987,1.250804133,0.29448589,71.45432633,1,1.194017194
7.2256312,1.798613016,1.59963718,39.61517807,21,1.677116196
115.9484996,1.1568337,0.780919741,0.0,11,1.210323554
76.12128252,0.321550598,0.199869546,0.0,4,1.556620611
117.8990468,1.203160038,0.381097957,72.81299994,14,1.831444109
43.11436745,2.160646211,0.0,116.854824,12,1.769957518
320.5898211,2.583819228,0.642672762,0.0,1,1.218452525
213.6932833,2.008394322,1.020614106,0.0,14,1.089742427
244.4768349,1.69055264,0.612435592,222.3382189,13,1.688454075
284.1016459,2.158983497,0.921122959,0.0,8,1.118599674
179.4391916,3.150881853,0.771394912,42.85418656,15,1.695943857
31.29130371,0.45382521,1.084053795,0.0,1,1.0
193.3583551,1.043223151,0.208104853,91.9366766,0,1.489500046
211.2628025,0.753011693,0.953152886,0.0,8,1.152706992
268.3582107,3.180024937,1.354710377,0.0,23,1.0
155.3974366,1.667756025,1.626119646,0.0,19,1.0
45.92890901,1.791341524,1.16813047,0.0,13,1.145202607
102.1593261,1.199241879,0.668588564,0.0,1,2.069868226
130.7096267,0.712490233,0.213890712,204.0323591,0,1.0
232.5302069,2.552758691,0.273350808,104.1447737,9,1.166821027
205.4801897,0.629381279,0.530730003,0.0,22,1.1604389
128.1948213,1.63445314,1.343968955,38.95943101,21,1.0
355.1454896,2.00122327,0.387852117,113.3004991,18,1.144756036
218.078935,1.855627682,0.671838892,102.2984084,17,1.240833715
85.40164502,0.962961283,0.976305511,133.2864986,23,1.032021199
36.64169014,0.785794476,0.0,0.0,19,1.442944708
55.02929011,2.822872475,0.174634992,75.3420115,21,1.932697116
88.54478222,2.156776854,1.381268481,242.9564994,19,1.28017318
57.84529437,2.224227297,1.017160979,299.6999242,10,1.025366537
67.16412866,0.854555643,1.019857816,0.0,8,1.256034124
102.6342607,1.988656555,0.224202222,118.7059674,14,1.16082641
62.41449431,1.095975697,1.180600634,146.0548062,15,1.738706003
322.8355529,1.493769491,0.273223396,116.1825148,12,1.114303124
28.88414844,2.231669317,0.636619143,51.88221113,20,1.494970305
188.8241002,3.4714809,0.877876973,0.0,5,1.415566973
147.7428577,3.842734805,0.93315463,267.2209591,14,1.342684782
353.6563021,2.526966754,0.797419187,91.38350931,14,1.0
40.33400478,0.940265575,0.519628216,0.0,21,1.05427921
143.2280157,0.613336711,0.0,106.522684,17,1.223880885
349.009356,2.949296316,0.632941122,47.24124052,10,1.0
311.5825653,2.41617443,0.0,76.06366945,0,1.0
294.1459455,2.543033155,0.827031732,96.05759423,13,1.108081833
92.84501774,1.730560081,0.208535928,62.70911985,1,1.436722079
61.51953146,1.034981874,0.536188461,0.0,1,1.863282968
240.7115592,0.504630661,0.395386938,238.1383474,19,1.406890908
334.5753561,3.491135903,0.826404923,45.9088595,9,1.350770875
200.4346415,0.694368618,0.283958512,0.0,15,1.327899555
205.7805682,0.369138336,0.702484684,143.699682,2,1.163593881
100.7924737,0.690262785,0.673819482,73.06631306,13,1.26188146
277.0174559,1.636641035,0.626308021,105.9257986,22,1.525335835
67.33574948,1.46854695,0.757070254,208.1479034,6,1.678481025
116.5245251,1.62473946,0.119005238,0.0,18,1.0
153.1571179,0.76707138,0.133644456,0.0,18,1.588613238
182.7397363,0.562668793,1.173390288,65.17818381,22,1.182167319
87.26750367,1.366303145,0.0,0.0,18,1.49781746
41.34125691,0.317942575,1.466539126,268.6887926,2,1.444176401
219.8232153,1.514776422,0.544894879,247.9582354,12,1.247296609
103.9069992,0.480710717,0.259808246,93.52939835,18,1.51025535
209.2457597,3.766305973,0.944459417,0.0,13,1.414081977
55.5705775,0.874439175,0.375106646,147.4043816,7,1.284934726
173.2104367,3.15261764,0.735278728,164.4962637,22,1.256264103
191.7321957,0.477038264,1.097232599,0.0,7,1.0
18.65647326,1.589038941,0.885302082,0.0,16,1.305734779
121.1775401,1.651476088,0.770597378,92.94521106,20,1.0
48.3892837,1.959323905,0.861852574,0.0,4,1.415163803
22.81498937,2.337888183,0.616029591,240.8673463,4,1.599633883
356.3856837,0.656502293,0.924437859,0.0,20,1.0
116.0473842,0.897109491,0.17088867,118.2771724,1,1.189261409
291.5548005,0.711156746,1.183646418,88.13168783,21,1.867782473
91.67063571,0.910725866,0.537517378,0.0,22,2.173130109
245.34098,0.46038163,0.670872732,0.0,10,1.261359823
273.6820296,1.953573537,0.474579584,216.2340053,14,1.324979567
214.4299466,2.44213173,0.842444335,0.0,22,1.271466257
169.7674279,0.576240349,1.021649439,0.0,6,1.360209431
148.2627291,0.405515895,0.203172187,0.0,10,1.794240152
125.592576,1.64872188,0.572286944,0.0,1,1.301340637
334.6304919,2.921484435,0.66794217,0.0,5,1.0
299.0229868,0.796110006,0.774529359,113.5341572,8,1.402855417
347.4096878,0.621137803,0.483376352,83.05691577,16,1.146058122
44.74700045,0.741545813,0.427216645,0.0,18,1.0
263.1122911,1.057179655,0.954440873,0.0,11,1.0
337.8025645,3.84790982,0.803455163,0.0,5,1.255979738
65.24390382,1.813343329,0.686185891,0.0,15,1.550714319
23.93865625,0.671061948,1.099762115,66.82908446,22,1.528444767
266.8034337,1.743862145,0.064908942,0.0,1,1.782288328
206.8103207,1.827186714,0.919381074,55.3739671,23,1.0
303.0583596,3.686086873,0.749451048,0.0,10,1.152068436
50.31805559,1.479325278,0.018031959,128.8895191,14,1.554186104
286.2962323,1.065255189,1.066530873,0.0,5,1.588308175
72.58583522,2.237806035,0.835945314,0.0,8,1.091615625
58.91613943,1.012642601,0.889336724,79.54304312,8,1.025207711
59.13568726,3.218349759,0.478537689,0.0,17,1.488475697
293.2468993,0.673240465,0.905035731,188.7354407,12,1.651710484
239.4709995,2.963121936,0.307624255,0.0,22,1.204993042
188.3035529,0.90928758,0.061832838,56.72136501,4,1.483775186
129.1789743,3.795228017,0.594777868,251.2155963,16,1.301135197
315.7921947,1.117041483,0.870003678,87.09803559,22,1.039365684
141.2802387,0.726987045,1.005970242,0.0,20,1.594086232
293.9757982,2.73613941,0.66027631,0.0,10,1.209060681
158.0885671,1.871636771,0.629413488,0.0,8,1.0
135.6999946,1.179848148,1.005728186,259.9089519,22,1.036781327
166.5647228,1.069581784,0.466425423,0.0,19,1.0
108.4960347,3.310931403,0.375150212,0.0,23,2.381592999
269.1393769,3.282974942,1.247295525,0.0,8,1.819658231
180.9793404,3.473959191,0.488895444,244.4274595,8,1.0
83.59657025,0.335013175,0.966645595,183.0417547,9,1.064073387
323.8468464,1.232779684,1.14385215,0.0,19,1.390002915
138.2008397,1.344099764,0.684002405,287.5456707,5,1.939818723
195.67903,2.149685643,0.705540791,0.0,3,1.589692326
326.3299599,0.882428517,1.319121585,0.0,0,1.388316318
224.7256785,1.361222735,0.076811091,63.1985679,5,1.064621257
42.08329466,1.652689039,0.070027362,289.5170598,23,1.491307806
338.3395645,2.943286194,0.926215493,103.3910674,5,1.475189852
225.9748991,0.573964665,0.43649777,0.0,11,1.313728638
120.5660213,2.270457308,0.944598078,200.7504333,2,1.268125631
50.13794616,2.401287366,0.577429029,0.0,12,1.121164461
285.8490681,0.650346427,0.93310882,229.2746033,23,1.814745159
223.2261921,1.113961981,0.247415583,0.0,9,1.0
192.0459931,3.919397601,0.845248819,104.6509751,8,1.423410951
321.8013299,0.933842634,0.399613857,0.0,16,1.306720283
283.894996,2.048862619,0.888092291,0.0,10,1.0
54.6029567,1.564217977,1.545838595,79.81492245,5,1.148702454
112.2199444,0.90287457,0.27820291,52.79939307,9,1.0
89.45609033,3.127784226,0.458364826,0.0,23,1.0
267.8206653,1.070196611,0.548902994,50.55437715,17,1.0
12.0716765,1.832489474,0.729100421,0.0,13,1.798030248
205.1602866,0.395941778,0.0,229.8451911,3,1.27630809
274.4851269,0.717799803,0.613295647,204.9295376,12,1.598035568
315.6356292,0.702467445,0.512606812,68.56411221,0,1.0
123.1494295,3.84366902,0.515423125,266.5677938,19,1.052274122
295.6526297,2.143495928,0.717813789,0.0,1,1.129868585
39.8274253,2.901194258,0.741628938,0.0,2,1.36392476
304.722825,0.422657005,0.735433164,0.0,19,1.512700041
45.89591844,0.525292645,0.169182092,0.0,2,1.408361139
143.0234246,3.72070067,0.499842865,153.0415099,5,1.0
287.0263317,0.498378386,0.483051604,0.0,6,1.596071325
53.97027385,1.418255553,0.810917355,276.0373806,10,1.056299981
82.53050228,3.896727462,0.213564493,175.6322905,6,1.406504687
260.0109246,2.754234128,0.677347515,0.0,16,1.0
259.2131532,1.527224752,1.243543196,231.6424697,20,1.197605328
230.8131478,1.395646821,0.0,181.9023623,18,1.506964718
249.82144,2.871868982,0.532036167,73.2394544,11,1.341100403
195.3807996,1.32830871,0.0,115.3137135,0,1.0
90.64766121,1.757166625,0.600109531,0.0,0,1.516806732
124.4505577,2.747940519,0.934185437,40.01245089,17,1.0
65.37517805,0.344964674,0.395634584,86.89871089,9,1.0
327.0422021,0.432834491,0.970424027,0.0,23,1.713232775
210.0210461,0.507155877,1.14433564,172.4717391,19,1.0
144.30651,3.624737606,0.760709982,0.0,2,1.615711048
166.3220893,3.99213391,0.39401082,86.00321912,13,1.205203731
341.0220023,1.992903491,0.814401708,189.9114069,7,1.558200002
55.20650512,1.875187213,1.272356303,67.23802409,15,1.0
211.0427395,0.692331438,0.067543924,0.0,17,1.641970958
182.1199244,3.197547408,1.043261696,0.0,8,1.081939744
220.1235248,1.297117158,0.084433375,201.5836677,3,1.190473201
6.519666176,3.378823417,0.0,238.9058866,0,1.0
313.9646072,2.329125753,0.106592033,94.22746323,20,1.0
335.5625817,3.037292579,0.584245454,0.0,22,1.603233204
203.4479461,0.82884626,1.105196535,0.0,13,1.03337934
250.7942966,1.365642163,0.0,51.19740408,10,1.0
332.0997772,1.956527749,0.995816064,0.0,3,1.05037965
254.6059084,3.236101617,0.538758174,110.1903417,20,1.515300128
54.91405545,1.345157464,0.158844704,223.7455983,15,1.0
207.4638097,3.584211559,0.836630415,91.40649819,8,1.714475862
218.4174167,1.888991639,0.410067459,0.0,21,1.079698728
152.6870417,1.654522269,1.503561143,0.0,13,1.145987671
265.1199248,1.844805667,0.799384844,0.0,5,1.0
336.3721253,2.639338942,0.622381695,0.0,1,1.0
333.2046646,0.765642872,0.859287507,0.0,0,1.175743567
162.3021737,2.801786637,1.137409344,78.42368063,19,1.261036831
40.7656965,3.874679126,1.176331934,0.0,18,1.443281115
354.5428316,1.549684256,0.971215437,268.8835566,22,1.0
302.0033111,1.339678438,1.150719817,83.01514352,6,1.0
44.87856523,0.594937872,1.081305992,288.4800996,21,1.977245585
331.5030777,1.896015523,0.963716429,0.0,14,1.364017726
313.1626903,1.452725427,0.442273404,0.0,4,1.260254545
186.7817006,1.337474695,1.10289498,201.3731686,2,1.711380128
212.8591569,0.957012201,0.428544074,57.38568369,14,1.0
143.6409734,2.062217168,0.705427938,161.4701299,3,1.0
19.71418998,0.323375243,0.449536724,0.0,4,1.542953034
120.671007,1.1460907,0.86959259,0.0,3,2.008267752
289.0272415,3.549446858,1.111825072,133.3829787,2,1.0
1.667528282,0.793917053,0.43725383,0.0,1,1.273836438
120.0597018,0.323382105,0.035307819,0.0,4,1.421325032
143.3407297,1.108563145,1.004215377,225.1630722,17,1.462095583
193.4624171,0.9945202,1.014239627,53.8291691,1,1.157037758
331.1480219,0.809104734,1.225785961,0.0,14,1.0
124.684558,0.765783355,0.957556974,102.0506943,17,1.0
124.9031527,0.746113378,0.966788085,0.0,17,2.083426982
265.5004493,1.556695671,0.31303226,36.3453956,7,1.918305495
162.7984587,1.433543103,0.894811589,185.1541737,11,1.011224025
80.85773626,1.482817494,1.458731094,0.0,22,1.282749594
162.8782258,1.171635017,0.378803137,45.83626983,8,1.031196692
50.70852734,1.645468426,0.112806996,0.0,18,1.154946135
63.49931514,1.489894142,0.656224989,210.2761684,0,1.216952355
179.4123982,0.449413517,0.974975886,135.5531033,21,1.0
150.8131618,2.474388702,0.686604793,0.0,16,1.245313495
329.3445244,0.497837924,1.313508405,215.9726605,0,1.319754026
130.4618037,0.725579817,0.255847546,0.0,19,1.0
209.0118061,3.993201824,0.0,111.2392206,16,1.0
227.6151437,2.046126774,1.171600283,266.7285597,5,1.0
4.714004372,0.924478411,0.036824117,104.2728418,4,1.0
238.8734539,0.872540238,0.726848503,143.0997287,4,1.17948389
64.09294807,1.86975925,1.160728394,0.0,10,1.212786054
345.9853143,2.943072775,0.686516362,246.8574631,10,1.215826954
53.51858199,2.683102464,0.320834733,158.3847694,10,2.112251213
149.2646845,1.715639236,1.108916146,0.0,11,1.401022547
30.72588051,1.649580945,0.668313395,0.0,11,1.430983428
358.8747307,1.160715585,0.511650499,0.0,1,1.324871751
180.7902037,2.719815855,1.257402922,30.02830068,2,1.0
214.3386062,0.545851914,0.449541786,0.0,6,1.229084264
24.14753186,1.572670583,0.360265035,0.0,19,1.280598504
269.9857693,3.011852509,0.238904081,99.75528855,13,1.574011405
75.56601351,1.192743507,1.086416581,70.99892139,21,1.0
323.2995442,1.778545821,0.771058526,0.0,15,1.052316676
73.85027057,3.335057636,0.405010591,0.0,23,1.0
68.64757944,0.883139859,0.024407636,153.3592171,13,1.012176205
13.15788043,1.03048326,1.163488937,0.0,16,1.161034583
169.9441002,1.187056836,0.410889471,0.0,14,1.0
203.342808,1.682229268,0.0,0.0,10,1.610395016
23.65511019,0.534833627,0.634938491,0.0,12,1.0
279.189942,2.043179822,1.013071232,230.1363754,5,1.555707693
163.1839805,1.751717041,0.888052741,223.2160823,16,1.101601088
188.780497,1.347028025,0.632478834,249.1686941,11,1.092330006
158.6745889,1.038131614,0.423281755,0.0,23,1.623415598
144.2747019,0.735317375,0.375747183,0.0,3,1.53679392
201.4705193,3.386851604,1.110390384,0.0,20,1.467913449
55.88648854,0.802405578,0.0,222.3020139,9,1.0
65.49412698,1.12287558,0.22032872,238.1166469,17,1.775836306
310.2428236,0.834971935,0.561667923,0.0,18,1.87415179
340.6015664,0.425743678,0.0,73.54228159,6,1.181584985
134.3913539,1.028518494,0.512819226,61.71218661,22,1.0
97.46808233,0.623161427,0.109214888,0.0,11,1.0
231.8398356,1.11322065,0.78991701,0.0,10,1.165867071
147.1443016,3.024156908,0.370722435,272.6134084,23,1.0
9.139088038,0.642692634,0.440108822,0.0,2,1.197457483
56.21493505,0.775232115,0.342781319,0.0,1,1.063084142
257.7500024,1.467103692,0.870489036,0.0,1,1.0
237.2126191,3.082141842,0.572435433,0.0,21,1.016012743
9.754557301,0.759044111,0.978421428,157.242633,1,1.320598172
79.9099783,1.804671618,1.08318327,0.0,14,1.0
83.18692677,2.242844245,0.485182331,87.67331465,3,1.145189925
241.8813877,0.581912659,0.321156677,60.80671614,2,1.64387853
7.095793592,3.034931107,0.432418897,294.4172401,16,1.0
37.47908951,0.537800181,1.664729486,0.0,1,1.0
287.9697907,2.876818665,0.353008465,111.4035719,9,1.334689813
64.27607834,1.927771098,0.530105778,0.0,6,1.751452237
234.9885988,0.79867582,0.685785494,46.06418184,8,1.459727292
85.74580118,1.889096243,0.818627461,0.0,19,1.018132145
35.79890139,2.344377055,0.641347043,0.0,14,1.016766846
87.54198876,0.647916553,1.309576631,0.0,7,1.091515229
260.0160955,0.389760963,0.694387496,0.0,16,1.155156167
308.0507285,0.92147268,0.540286424,147.8991771,10,2.285398345
298.8791512,1.504074947,0.982351519,80.81201367,15,1.336933487
142.9860707,2.522468402,0.245347528,0.0,21,2.015188763
240.5106492,2.982306349,0.815677719,61.29991103,23,1.62782679
73.79434635,0.34553217,0.451670713,0.0,17,1.0
105.5331829,1.358085302,1.114255967,0.0,23,1.09473429
322.6808947,2.575777859,1.145049024,100.8044402,3,1.270949722
4.680692464,0.718766432,0.530364985,45.68243771,17,1.365058646
30.78307111,1.26083108,0.251844573,110.3123343,19,1.325438797
74.83905185,1.492748896,0.0,0.0,7,1.0
9.551593395,0.958604484,0.690084194,0.0,14,1.0
65.31675663,0.319340829,0.0,0.0,12,1.280957156
209.8949619,2.352853393,0.565982795,76.423067,3,1.136443346
151.7128382,1.328103476,0.375615959,57.97039181,13,1.80814654
321.361816,0.430205902,0.823224561,45.69148364,14,1.300948819
294.2796822,1.708358936,0.59454357,201.4053915,14,1.606501718
123.0542466,1.562666781,0.373461929,0.0,23,1.558800347
93.39243604,3.147834888,0.939628009,234.5403763,22,1.271338898
136.6892669,2.858511749,0.163481079,88.15837697,4,1.740654092
212.5061793,1.500696628,0.825230389,0.0,23,1.113267937
96.5029107,0.952513203,1.424870374,0.0,14,1.277961947
224.6936068,0.306303965,0.986228646,130.9077143,17,1.326586834
147.3881948,1.882811799,0.437822436,0.0,2,1.0
198.7369851,0.533038467,0.192670543,88.22479955,19,1.0
157.0055505,0.367865975,0.973863787,0.0,9,1.0
106.0076734,1.911737708,0.110275808,0.0,4,1.0
341.4431905,2.578099466,0.602405905,108.0550306,4,1.244883115
274.8980859,3.231671031,0.889803567,0.0,14,1.422141565
50.44074328,0.558074197,0.19641967,84.80013341,0,1.0
312.6484713,3.070058426,0.174346695,160.6600131,0,1.321292263
175.4752314,0.535693968,0.072851776,209.6153065,15,1.197327948
322.0388017,3.932024192,1.237796363,0.0,16,1.67087483
287.9478921,2.408017273,1.27940323,0.0,13,1.097839373
153.0768616,3.373433319,1.273447272,55.07928415,14,1.933842355
8.088950995,0.420185795,1.326967716,98.89749817,13,1.604618168
96.72384938,1.171282636,0.346785977,270.7536721,20,1.166784728
194.9883173,0.326423122,0.0,0.0,1,1.08062282
228.0521591,3.800810637,1.281299043,161.0909013,2,1.654325405
92.83956676,3.334003065,0.971670867,0.0,23,1.166237993
50.16818667,0.439809963,0.939510654,47.78347768,11,1.31522587
300.5748852,0.370753545,0.183991541,67.35303602,23,1.095551975
354.3847851,1.057997572,0.638820394,0.0,1,1.077351895
189.2484656,1.973748214,0.663706809,91.90420753,7,1.0
61.80454291,1.546247968,0.574744702,0.0,11,1.847529092
98.03063755,1.225503103,0.259895073,0.0,8,1.141937905
6.620643557,3.255514155,0.0,236.8752389,13,1.353831501
329.1475704,2.559142011,0.298934337,0.0,5,1.496437636
42.39038984,1.516676393,0.0,0.0,16,1.842735084
207.5459312,1.055980285,0.43484856,31.19128764,10,1.076428271
98.65987945,1.251374007,0.354000673,0.0,18,1.0
199.5040809,2.979380084,0.132909743,0.0,20,1.336354394
234.5113398,3.781280773,0.760346374,271.4909738,12,1.499664083
298.7070493,1.192754322,0.462651486,54.6890741,2,1.083627915
74.31165783,1.889144962,0.491538017,242.5834294,2,1.519302344
3.958498317,0.343714549,1.15639655,216.7040373,20,1.300201328
49.27882682,3.362308145,0.471570223,141.2994117,13,1.159461499
324.0067111,1.993367501,0.781505649,107.612628,7,1.830480921
314.6004279,0.89844796,0.16675129,136.9918781,6,1.171743086
215.0687168,2.677763772,0.702173182,0.0,3,1.9627692
216.1860698,0.77139456,0.558979551,54.40663191,2,1.313210372
239.4132028,3.36490084,0.637021015,0.0,18,1.0
63.1336603,0.819911605,0.110061071,225.5142171,1,1.0
329.1883005,2.126260321,0.148104562,67.29105357,4,1.776326718
150.757389,3.688112666,0.461531352,0.0,11,1.681843343
137.9298702,0.937155191,1.13225568,92.60002764,1,1.618230679
186.8103739,1.032835429,0.023895584,106.7902718,17,1.813807872
16.90774804,0.392285632,1.272205506,75.64355175,14,2.018799989
59.86201275,2.743082449,0.317380922,102.6320626,15,1.0
265.6921019,0.572415232,0.633236032,37.65194187,11,1.0
29.80752045,2.293587519,1.001040884,61.30341233,11,1.187543845
298.4095707,0.811941567,0.71240032,91.94791293,6,1.0
13.3227485,0.994348633,1.017469746,0.0,23,1.609123241
214.6571563,0.882148028,0.488182622,0.0,16,1.144667332
82.80318142,1.687773036,0.633845589,38.10961547,7,1.0
43.40407888,1.92860633,1.105092916,0.0,0,1.163482537
27.70315259,3.738918206,0.111142483,59.32232556,21,1.0
250.6639593,3.898194178,0.907953094,152.5841142,20,1.814974231
122.354987,2.454441388,0.324373658,0.0,9,1.0
260.9160378,0.436240753,0.697238312,248.792633,14,1.0
23.52828269,3.595893542,0.815894602,0.0,22,1.016455484
113.5045216,3.450782492,0.129702814,138.24435,5,1.0
194.2168653,1.468324307,0.30137598,89.0758541,9,1.730891099
284.6603393,2.531965079,0.866343143,0.0,0,1.380471526
114.7509011,1.671012475,0.49595577,79.03307283,5,1.0
225.3208955,0.471116547,0.314535364,0.0,12,1.0
318.9519894,2.584745169,0.677892901,228.2428722,2,1.121892007
221.7107477,1.322193451,0.168232919,0.0,11,1.0
83.86541091,3.012732507,0.126943718,0.0,14,1.0
8.78428136,1.580218964,0.0,222.4819234,21,1.429683026
313.2355946,0.469617424,0.743915985,45.34407712,6,2.02583071
7.656987906,3.124672655,0.61279683,0.0,5,1.0
314.8926022,3.353533082,0.81623604,120.368516,8,2.390650266
190.4173682,3.611168498,1.0887437,0.0,15,1.449959807
338.0643715,3.772522769,0.503475418,212.2477744,11,1.0
287.5619649,2.225853183,0.572182478,0.0,8,1.910906443
359.2562798,0.788819327,0.737284682,0.0,7,1.467357934
126.2562536,0.73562075,0.371969022,0.0,4,1.638372265
276.187784,1.473691132,0.016916391,0.0,2,1.630140939
144.6951289,0.336221836,0.139358152,110.7154033,3,1.730132184
172.7552233,1.965458178,0.584073277,0.0,10,1.0
225.9019668,3.442931201,0.999916514,35.37138429,9,1.622820914
314.5237611,1.121442616,1.226929477,246.1758062,7,1.321363309
354.2700489,0.792075964,0.486118884,257.3974048,8,1.532357606
276.578429,2.019123426,0.667138438,0.0,12,1.029844165
150.3960416,0.448070038,1.348322792,0.0,23,1.041246929
151.6885208,3.301676718,0.806728366,75.75272699,18,1.068255556
265.5296286,3.482475394,0.65488709,106.706734,22,1.592488548
85.95977248,0.554374736,0.684063623,136.6211555,10,1.266331913
39.77068073,3.486722501,0.832784513,0.0,23,1.08433041
127.6639768,0.959634146,0.111880338,0.0,2,1.165115665
103.406037,1.063075174,0.904217145,194.8009698,0,1.800297165
106.6709234,1.195030232,0.775646436,42.39614402,22,1.4976369
84.09879038,3.054087994,1.035294832,86.78802501,13,1.483344101
15.15354827,0.43954509,0.797648603,0.0,18,1.406548375
6.434616504,3.73738779,1.008499419,0.0,0,1.728719743
355.5800603,1.746974605,0.230849734,0.0,22,1.0
153.9983281,0.696072595,0.361427926,0.0,11,1.6543984
138.357593,2.149358866,0.66108279,200.450205,13,1.330558734
244.6730218,3.638739636,0.299515939,0.0,14,1.0
78.57139963,0.504103739,0.94219453,0.0,6,1.292309976
341.9860262,1.349928534,0.033785004,0.0,3,1.190151753
283.0842052,0.516488215,0.536162069,0.0,13,1.436521514
32.18796083,1.404262715,0.373402333,138.5371444,17,1.660237435
150.3290793,0.399084196,0.303031577,0.0,15,1.0
316.4825907,2.459469308,0.051605071,75.1601608,13,1.987015525
340.103528,1.544572091,0.616720189,90.77453316,20,1.0
168.264544,0.547986005,0.56675699,273.6568604,10,1.003812654
220.8281001,1.069816301,1.361754032,0.0,5,2.08839334
60.13222059,1.026454505,1.595168163,152.5818008,14,1.0
356.8207054,0.424973033,0.172813089,41.93562331,9,1.063298105
83.4018125,3.383804628,0.0,73.30800865,11,1.0
339.3834387,0.651770739,0.119736869,50.15531471,8,1.0
233.8727936,1.78298465,0.575256144,0.0,16,1.255932085
218.7852462,0.345265881,1.05006834,80.12686732,17,1.477581492
184.567864,0.961384817,0.407415083,0.0,10,1.476366739
83.04113222,3.478672392,0.831311122,0.0,5,1.062023919
63.55009152,2.914241149,0.280383688,104.0969917,18,1.0
79.37503527,0.876417138,0.405151022,0.0,1,1.018850489
67.11777437,0.809820857,0.666718648,0.0,21,1.0
280.6504105,2.761336528,0.595546143,0.0,22,1.398812204
126.0450933,0.786475688,0.585576651,0.0,19,1.068549665
20.82336356,0.631124588,0.167280402,164.0086736,12,1.455603838
348.8769469,0.391926275,1.090357523,0.0,8,1.0
318.1629186,3.883072492,1.087332566,0.0,11,1.543022119
333.990822,3.383258981,1.094033707,33.24459125,15,1.493921742
358.1668162,2.438133644,0.32911026,0.0,18,1.0
62.60228972,1.729103284,0.647756086,149.191151,1,1.0
142.6471268,0.457528279,0.390050073,0.0,15,1.157308227
272.9658513,1.927012113,0.210113317,72.16089087,4,1.71887992
250.5674225,1.159785562,0.713985232,161.6633439,16,1.168717461
55.40252628,1.099461597,0.0,0.0,5,1.420697561
293.699925,0.645310151,0.938736061,0.0,23,1.285615602
80.79860586,0.628512097,0.134920879,99.38187677,6,1.65112887
80.57434134,3.780196848,0.474794202,0.0,5,1.354172031
193.3107922,1.017345927,0.0,47.5335426,2,1.0
213.4583765,2.487012521,1.323103044,0.0,20,1.183505535
208.8310348,3.992301581,0.863289753,0.0,14,1.689472245
32.93526146,3.825970813,0.634348707,0.0,15,1.418903114
315.8859105,1.188913856,0.324747623,0.0,16,1.0
95.61601533,3.118013078,0.173709306,0.0,8,2.000493476
46.62537166,0.734195172,0.519876278,0.0,8,1.047335536
319.9493088,1.74448839,0.720884386,124.6787417,16,1.661816861
344.0345394,3.53782642,0.508062727,0.0,6,1.856992707
310.3659422,1.566950476,0.812367904,0.0,1,1.716082433
291.4257869,3.249599844,1.342291792,0.0,5,1.0
235.887113,0.530191702,0.170738688,164.067753,9,1.731021275
198.3086534,0.721029771,0.694594424,143.9418797,16,1.39127815
31.31523357,0.990326218,1.296486323,55.45865904,13,1.0
147.0431567,3.283492885,0.475698421,0.0,2,1.263414333
134.1678661,0.558034457,0.544383474,0.0,15,1.0
93.51136215,0.318065018,0.784504021,56.7471475,15,1.454889348
260.4312409,0.377523955,0.870438916,88.06458284,4,1.614022171
178.5152646,2.743601995,1.01990798,65.13804887,15,1.748995677
29.17663773,0.388271887,0.643711134,0.0,22,1.268255713
79.2659527,1.237131602,0.282057565,75.01440919,4,1.0
245.9731549,1.197580944,0.82430504,0.0,23,1.0
27.40710942,1.248549311,0.213234336,0.0,4,1.569949343
306.4344891,1.033285549,0.732783142,0.0,5,1.688299378
178.2527497,3.907113613,0.630900478,0.0,17,1.517892221
173.0111678,2.906569293,0.621095823,214.1205594,11,1.0
213.2668025,3.012340171,0.567081028,0.0,20,1.043142405
296.8851477,3.705814175,1.000762064,0.0,6,1.070207149
125.2113148,1.589060154,0.847216445,0.0,16,1.0
244.0858149,2.296355461,0.877827224,0.0,9,1.500790901
203.663507,3.373319748,0.414540681,0.0,8,1.242205912
96.13017726,0.562528489,0.0,0.0,8,1.871871851
316.3067951,3.868911374,0.441150556,0.0,23,1.0
287.0733678,1.715450964,0.774302,194.2914864,10,1.240952324
237.0426605,0.362474826,0.612959057,199.69345,13,1.0
306.2094225,1.964823125,0.426890226,0.0,4,1.147028559
312.2259123,2.488478936,0.688572367,252.9511499,6,1.615513734
255.0106716,3.015461928,0.493123248,0.0,16,1.322254995
301.3247982,0.663222672,0.619519707,108.7165611,22,1.0
251.0897262,1.458728824,0.0,0.0,8,1.0
244.8506778,3.50341192,0.90685753,0.0,18,1.165920175
222.7000962,1.689991196,0.845129479,0.0,20,1.382242945
270.9779902,1.46050916,1.444899673,0.0,12,1.628056455
57.09783791,3.778453783,0.315226352,92.45340145,8,1.001338144
317.1134733,1.987315549,0.398722756,245.2072811,12,1.0
313.86367,2.915498735,0.669705514,0.0,13,2.149342516
10.52902189,2.089632621,0.586356534,272.1377303,7,1.290361219
297.2940302,0.894983037,1.231946581,95.67770269,13,1.681464189
46.39315229,0.694238665,0.436667504,62.85881274,12,1.0
120.6427875,3.417950292,0.538510568,0.0,22,1.428730127
267.6629723,0.690693911,0.375113567,132.6225981,9,1.595310772
57.87356258,0.370257247,1.209449217,98.20553853,21,1.323114769
294.4681287,2.534675125,0.794878549,0.0,1,1.0
299.5683041,0.506124869,1.228354349,61.02998612,11,1.0
182.6883842,1.74575133,1.766025374,248.794849,15,1.446964373
2.298913818,0.744466061,0.294874164,0.0,6,1.0
103.3337279,2.386072324,1.031277558,0.0,1,2.313175884
222.0936906,2.669752587,0.497304924,243.0792189,15,1.755892426
353.2270241,3.149418406,0.324943322,214.303193,21,1.0
227.4528697,2.923961651,0.013486874,0.0,5,1.405005955
93.52928918,1.999805144,1.451346577,0.0,15,1.330338144
228.2420531,0.599385036,1.000813966,31.09264702,12,1.735580786
194.3947367,1.060365844,0.509828555,0.0,9,1.0
280.7443423,1.584506036,0.848773806,0.0,19,1.367897774
38.51302998,3.989899972,0.0,151.8884872,8,1.0
273.9700449,1.061975036,0.56224766,0.0,1,1.475531366
194.8559683,3.654357413,0.295232441,0.0,20,1.0
346.6771214,2.657721265,1.178228208,88.24807356,15,1.84765578
123.0739798,1.956498125,1.205115483,88.39064131,2,1.423656809
227.7438815,0.754122856,0.956180665,0.0,21,1.0
335.530118,1.008100942,0.97894525,47.21991006,1,1.0
36.90350208,0.945464858,0.34005299,114.0200111,9,1.499321569
337.4022554,2.008747358,0.886781931,64.41461961,19,1.02204868
247.63886,2.923728918,0.048246692,0.0,22,1.529476632
24.42134128,1.020340831,0.0,0.0,4,1.036090445
108.3468841,2.239771742,0.557807536,0.0,7,1.781404728
254.9419519,1.216757711,0.812078424,111.7061993,11,1.703694644
24.24621653,2.437736985,0.839254075,295.7303854,3,1.472787369
209.5813657,2.502518327,0.097191333,249.2660141,13,1.0
124.5179005,3.686367253,0.0,0.0,22,1.065561872
223.5295864,0.449746009,0.419381159,81.69392655,14,1.196389414
16.46713217,1.761681356,0.249435525,0.0,20,1.0
313.7532502,2.279276798,0.844807027,35.04632909,2,1.564569107
350.4560289,2.220488973,0.194855063,298.1244174,23,1.169683852
348.7960279,3.94473097,1.377720835,191.3088069,21,1.22726866
269.8746594,3.334519292,0.744944083,273.5413464,14,1.091897229
46.83104645,1.768734793,0.541229391,0.0,3,1.292783481
272.9747505,3.177649786,0.141068409,235.1571247,14,1.370191399
8.851289925,2.685778659,0.071548598,57.6435221,8,1.080857055
7.96447855,2.041965993,0.471633103,0.0,17,1.205356085
116.4996789,1.226282627,0.368463872,107.8943669,12,1.113726173
175.9115485,1.378706358,0.0,0.0,8,1.114743148
277.3466704,0.767553615,1.148653193,0.0,3,1.308232821
245.9863356,0.575404843,0.157912141,199.0997156,12,1.0
160.5249743,1.093492362,0.741045428,67.25987872,9,1.86103119
98.50559986,0.346757954,0.776882077,0.0,7,1.605175083
358.9648201,0.489505931,0.0,82.00350875,13,1.364191952
153.4252688,2.214637321,0.446113713,76.07264391,15,1.634928327
162.4993288,1.682837266,0.036146764,260.2944779,18,1.0
58.90457563,3.938800225,0.763039506,259.6164872,6,1.0
286.1314375,0.774727809,0.625006759,75.87036772,11,1.0
249.7256013,1.298142971,0.569087049,186.7318123,12,1.473106369
79.4770606,2.250232319,0.271931083,0.0,14,1.356484737
29.65717642,3.31306614,1.072414691,222.2130512,14,1.4438517
244.9797487,3.684861604,0.448868328,71.55533239,17,1.674296043
235.6240371,3.276096402,0.009061152,44.92058254,1,1.0
98.37342972,3.765770613,0.222283212,0.0,13,1.0
342.3108824,2.156984849,0.0,31.05256772,19,1.038729362
54.38084104,2.74821027,0.338261676,0.0,6,1.566234584
155.6405284,1.628988387,0.236378465,104.4730636,19,1.359526243
339.7017313,1.590655227,0.877831306,40.08899525,1,2.353432411
151.1018341,3.38852986,0.828891018,224.642871,1,1.0
229.8693412,0.450327566,0.68506422,0.0,4,1.508923422
143.1339833,3.699604522,0.978848359,89.92771519,2,1.680100102
98.71747285,0.911839594,0.128638745,0.0,2,1.885885522
354.2319533,0.562035308,0.727328075,0.0,0,1.217955135
147.3602423,1.941411181,0.024798731,59.57697745,18,1.0
321.8757133,1.661027058,0.409261856,0.0,19,1.562425816
82.78365812,1.356139162,0.736474087,181.6744956,11,1.416717708
76.71769345,0.871721696,0.387294621,0.0,21,1.530218445
11.20826984,0.537255354,1.253301528,221.342893,5,1.840214334
234.6000571,3.569546406,0.460785656,189.5039154,20,1.20496292
132.6694837,1.358146866,0.920315383,254.5636911,19,1.0
311.1689699,0.32322191,0.494188671,0.0,5,1.526657274
170.3555664,0.952331879,0.652666807,0.0,12,1.423231641
348.549634,2.122205913,0.453987461,0.0,20,1.173060809
66.78918565,1.077665862,0.670858193,270.7126727,9,1.0
312.7043405,1.68443269,1.290659182,285.6885434,0,1.436814496
279.574867,1.31223184,1.217263097,0.0,15,1.642591505
277.5318641,2.83900148,0.40513251,0.0,13,1.0
304.1219621,0.396619326,0.508397868,235.5689809,17,1.317557006
273.9686367,1.198552404,0.620335653,0.0,13,1.535986454
225.4393158,1.173798857,0.85683482,200.4427486,9,2.020107634
47.24815597,0.363875398,1.341794141,0.0,19,1.326720127
11.70942462,1.282178646,1.114377087,175.3651656,21,1.921937348
331.5052252,0.610900942,0.493297065,92.43959819,4,1.635362521
221.9941132,1.04247091,0.761203121,0.0,1,1.643521537
286.7534248,0.959640455,0.690289255,62.1263888,16,1.0
173.3480465,1.013657836,0.357693377,299.4252753,0,2.290830465
42.23094803,1.09757917,1.005417726,0.0,0,1.324999946
45.06688519,3.403509545,0.0,0.0,5,1.381417269
246.8035034,1.550944194,1.002451744,187.6143191,6,1.307882462
154.9101222,3.653953754,0.764747439,207.3727698,6,1.795994287
72.18890161,3.327426505,0.0,142.8663979,15,2.08344648
176.9740368,0.567655219,0.183292617,0.0,18,1.563849551
23.11521735,0.524958969,0.0,0.0,8,1.146491936
209.5097047,1.251079024,1.278710479,0.0,0,1.979352027
96.8376256,0.617309817,0.203343008,87.95851956,17,1.0
287.1212762,2.932382073,0.964078716,0.0,6,1.021720385
111.7303052,3.523925678,0.978353324,66.87925975,17,1.0
163.8792537,2.443218376,0.551731662,0.0,9,1.153207657
4.183394367,1.335049171,0.334171202,296.4762527,19,1.701643695
26.08087961,3.430564263,0.805106164,293.8631906,1,1.210766543
141.2976803,3.399657382,0.686170343,81.09023121,10,1.323553077
172.7779805,2.035269658,0.974495081,76.37353786,17,1.445735196
216.0073973,0.946824145,0.130677588,0.0,10,1.208587496
104.9985283,1.673009101,1.008972921,57.48056449,13,1.0
250.193479,2.513397093,1.139072089,0.0,12,1.0
309.644063,0.841163099,0.497292783,208.9835896,0,1.822581403
280.746356,0.845973542,0.217606379,0.0,9,1.045964911
14.26277713,0.463853343,0.406685836,0.0,14,1.025815035
172.982501,1.748110241,0.343947928,0.0,18,1.0
37.77486423,0.411958562,0.52766567,47.91476132,16,1.245047309
87.13620571,1.494586251,0.304747324,260.1067559,9,1.517028426
355.1985336,1.133558266,0.782603138,258.0713722,21,1.154293753
51.29839544,2.896477693,0.854676551,269.1122757,7,1.440372582
179.5997352,1.789379633,0.456399579,0.0,22,1.0
222.5360644,2.816837415,0.0,0.0,6,1.368209743
252.8873894,1.074119174,0.777210429,0.0,17,1.136378417
201.4735261,0.94028702,0.009949393,254.4835423,3,1.0
3.517505071,1.069507797,0.699835453,0.0,5,1.0
117.526071,0.59803313,0.628747224,0.0,1,1.0
186.3761916,1.55339244,0.468411953,47.92135563,12,1.0
31.63193969,3.069757631,0.857933026,282.7087834,20,1.43889066
126.2256952,1.822624928,0.745426018,95.25228809,11,1.474063862
11.95311916,3.236064968,0.755072793,0.0,4,1.368737828
28.28825898,0.375686347,0.92840845,0.0,18,1.450524663
142.8923794,0.585941172,0.434871464,0.0,1,1.0
47.77767146,3.876843704,0.429286915,178.2717138,10,1.503197762
204.3147054,1.631014194,1.030889297,280.903966,22,1.566694862
248.2073889,1.317785409,0.856758724,0.0,7,1.409561912
288.2112117,0.925554054,0.412122038,81.87980911,3,1.260755417
72.05408793,1.861828131,0.0,0.0,3,1.003003948
60.29372961,0.958280961,0.756816672,0.0,10,1.435466512
37.64442252,1.6729504,0.794363132,280.2289094,13,1.147078683
229.1148898,3.138146391,0.115043201,103.4298133,8,1.669124059
254.3312615,0.527325426,0.260585064,130.6269575,19,1.410935025
11.37101214,1.288851123,0.436868631,257.6338171,13,1.232725501
337.0364086,0.798444395,0.780930166,98.43817599,2,1.162912307
18.70966211,0.443374873,1.593430472,98.73094244,12,1.236558539
194.8666807,2.86663898,1.047085065,74.42492737,13,1.238487125
255.261787,3.35708406,0.0,285.4749822,16,1.268864435
313.5488845,0.886410369,0.425514848,0.0,2,1.0
257.0712956,2.86675722,0.562186819,0.0,14,1.395426133
288.6221099,0.960134167,0.800981974,274.5032458,20,1.368132417
122.2020693,3.022321192,0.275008587,0.0,1,1.0
293.3370409,0.89706928,0.833812234,0.0,20,1.392096631
28.8413447,0.394167845,0.394782361,0.0,9,1.295367555
322.1339962,3.818998086,0.833173669,229.0983283,21,1.0
197.1332554,3.186687314,0.630317479,0.0,14,1.542529634
294.2271972,1.47706675,1.418173295,209.3757805,18,1.835635881
162.8345824,2.415460164,0.991528683,0.0,20,1.070901419
231.6879703,0.407781891,1.125555126,253.9556329,11,1.341972695
189.5049579,3.495289225,0.176935966,63.61540336,16,1.799532602
263.3722278,2.487538986,0.387161736,0.0,15,1.0
29.38679353,3.724101714,0.730869994,231.9297363,7,2.057143985
21.72675024,1.625208322,0.106641988,0.0,4,1.332137887
88.95716424,1.314314879,1.018153461,0.0,23,1.603019638
57.43608484,0.973594642,0.652190673,0.0,14,1.0
313.842084,3.880975474,1.039971539,261.3764816,7,1.0
78.91703545,2.756707207,0.7929289,81.19774709,17,1.0
351.3114921,0.587543963,0.617945215,57.63986869,20,1.0
121.282485,0.729185382,0.550928161,0.0,7,1.0
65.56244965,1.390515698,0.292458342,0.0,18,1.0
284.2914626,0.884358945,0.268654547,52.17318523,16,1.0
237.1347992,0.79498443,0.955466392,0.0,3,1.0
179.3504579,2.663555018,0.86720769,281.1394444,3,1.895330969
199.9308783,1.914815976,1.093628129,0.0,19,1.554981859
258.9126402,0.810486484,0.381730308,102.3586434,19,1.005733532
82.24370688,0.654550841,1.049035512,242.4654441,8,1.532122168
358.6802098,3.419534568,0.529369587,0.0,13,1.434263846
350.9255384,0.855260775,0.831973733,0.0,0,1.0
234.1172471,0.4206773,1.116613366,0.0,8,1.47190634
71.83528233,2.612915463,1.428415467,0.0,22,1.133143143
244.8821673,2.629819095,1.028968263,0.0,12,1.576228629
25.99142723,1.152888846,0.681126485,0.0,20,1.0
11.03490079,2.893562326,0.824382923,115.8101105,17,1.517542335
92.76583986,1.512103855,1.09960291,0.0,9,1.720556624
166.5442644,0.652289314,0.883960563,0.0,3,1.459378425
312.5781019,0.467290611,0.440299846,0.0,14,1.0
261.7808651,2.165495008,0.84591538,152.1965852,3,2.283481497
267.3743476,1.574369724,1.121456891,226.9821453,19,1.537993271
153.1776004,0.463135069,1.324971999,0.0,10,1.204331322
124.5365973,1.214896434,0.624854589,0.0,11,1.549346133
133.5739547,1.006488084,0.153296375,0.0,12,2.14488608
355.5538429,1.455602538,0.0,142.0614309,1,1.0
14.43930891,2.651292984,0.918255052,263.3797775,7,1.737203001
312.1313386,0.963099026,0.0,0.0,3,1.233442578
208.3231471,1.330215225,0.728016148,53.25038566,8,1.173063517
157.9015509,3.137164361,1.031070984,0.0,1,1.196972791
261.0927577,0.888375116,0.534728503,275.7972121,22,1.0
175.2008189,1.077293493,0.001622625,148.8618177,4,1.492204886
314.4323657,2.806151085,0.096023456,48.07796743,4,1.0
324.252671,1.355094766,0.232073437,289.4324369,22,1.090936513
151.8195337,3.710695337,0.550377385,253.2214878,3,1.098898634
99.658007,2.879537008,1.081658953,171.661499,18,1.147045746
213.2461183,1.856149573,0.604702708,0.0,8,1.0
328.4508044,2.277013556,1.46131914,120.5992846,11,1.656152548
75.83838804,0.533600394,1.0163517,0.0,2,1.0
224.2679701,3.992977732,0.718192248,0.0,4,1.0
227.3616792,1.35568739,0.571377041,72.11597825,1,1.081950775
263.9206881,2.06639263,0.400933124,178.7094441,22,1.174235095
47.36436665,0.446185914,0.659716949,100.3343393,12,1.452409361
257.6969873,0.731090726,0.816943133,0.0,6,1.307853607
327.2517074,0.400584125,0.728485159,0.0,20,2.0724259
64.68591919,0.871877915,0.400556482,0.0,7,1.439193225
85.51559697,2.563787541,0.187231074,0.0,19,1.410182209
349.7022339,1.073384017,1.345026299,0.0,10,1.069697344
65.15170298,0.536429191,0.853699183,0.0,11,1.42129391
307.5786336,0.452788638,0.742201074,0.0,17,1.104594964
177.2200283,0.517871677,0.802555072,0.0,17,1.108296724
89.00318679,1.111549907,1.040544944,0.0,15,2.5
313.4699645,1.498586287,0.412853386,0.0,19,1.917103222
160.3098918,1.473530163,0.548139786,37.41028328,21,1.0
185.3342474,0.885697504,0.29899955,261.1010449,5,1.559608937
129.324013,0.825010625,0.597124273,0.0,17,1.408091016
213.4623065,2.912591766,0.329622879,83.27625786,16,1.034906077
58.86859413,0.559821884,0.19745055,235.8242931,17,2.13370159
140.7893532,3.98571755,0.0,78.2903611,23,1.219783217
348.988436,0.899387357,1.263214654,0.0,20,1.854021178
92.92803577,0.507257462,0.46618268,46.34317975,2,1.036548618
236.4251992,2.802876324,0.794702115,143.0499525,8,1.739940389
117.0684231,3.796477196,0.638543373,260.3506666,6,1.834338604
278.4503252,1.428149442,0.798890458,0.0,23,1.0
47.11451786,0.782978308,0.0,0.0,21,1.168630273
349.1355762,0.340693654,0.412045476,0.0,6,1.265405881
163.3642349,2.572793157,1.063816498,0.0,18,1.953738143
84.9781668,3.701861655,1.377227129,0.0,0,1.921233931
26.45882904,0.621710904,0.454193983,76.81625941,0,1.141691541
61.11284583,2.632949063,0.500296572,0.0,0,1.146502255
187.1186215,3.209125329,1.026566205,40.1666221,10,1.398065974
121.3211435,1.491940383,0.776291244,0.0,22,1.0
298.3980117,0.776110983,0.611855029,0.0,17,1.808858158
155.1195085,0.451680651,0.574179403,0.0,12,1.0
89.53713813,0.794155632,0.371809413,0.0,21,1.33893366
222.1721952,0.837094811,0.357819486,209.6172922,14,1.860563822
254.4397981,2.730326711,0.652816139,0.0,16,1.478109494
60.13508684,0.491689763,0.726663925,0.0,9,1.140932381
60.34291786,2.091145043,0.747482255,0.0,7,1.0
13.2017137,3.668013826,0.32581297,0.0,20,1.278038072
265.1047254,0.831252364,1.133038928,0.0,8,1.184276789
238.9696299,1.80717977,0.0,87.93385477,18,2.349888673
170.8671153,3.22716837,0.811846474,156.5625745,17,1.0
303.9013616,0.580153367,0.38402666,244.4392483,7,1.087207068
290.0412551,1.557474549,0.253643557,0.0,4,1.0
210.7275712,0.693142773,0.470068936,0.0,13,1.19630199
312.577661,0.793933863,0.0,57.77664943,12,1.508825068
74.10283561,0.477568621,0.741709807,0.0,0,1.0
40.29106298,1.798170803,1.245793722,0.0,10,1.441130753
97.10986015,0.847205586,0.342288837,33.46791129,11,1.0
20.55126819,2.253242243,1.540345887,36.56960393,5,1.672958167
191.2210301,1.119299581,0.255655498,230.1425529,11,1.11711745
337.1780492,1.880582443,0.430705466,0.0,2,1.169231521
14.16367464,3.856351878,1.143924446,162.3937844,7,1.862771601
43.95956904,2.213125767,0.121149729,104.0178791,21,1.125470911
162.7916502,2.032611804,0.509352197,0.0,1,1.458862061
336.1950063,2.325716583,1.287620744,0.0,5,1.582442197
113.8161978,2.698193973,0.128430914,0.0,2,1.820445171
182.6045311,3.399918825,0.836220852,31.00715526,6,1.431302802
14.96622926,2.625149454,0.804234449,0.0,15,1.173213105
53.40355235,0.357647093,0.0,184.8270211,16,1.091189935
355.1868443,3.28242998,0.353773228,0.0,11,1.425934557
347.4427307,0.60950788,1.552596441,41.40290588,14,1.0
1.778393136,3.289050271,0.689518148,0.0,13,1.516095842
342.6522428,3.446579897,0.753533927,63.59615939,0,1.380422966
230.0831776,1.551679564,0.695174393,262.0774654,11,1.0
312.450586,2.999381206,1.417120407,132.8411384,19,1.0
163.706348,2.064368806,0.210489348,115.9674582,22,1.333084373
185.6145703,1.097666318,0.328616179,180.9753327,19,1.185121064
175.9847689,2.326644819,0.55569784,0.0,13,1.626282682
240.0711327,1.251744464,0.822293594,245.0365048,15,1.0
50.27445171,0.96982191,0.661483366,0.0,14,1.592673841
10.79049235,2.996883681,0.67279613,0.0,7,1.604037904
110.854779,0.363708265,0.379125377,97.50353666,20,1.0
253.6850746,2.020408375,0.842844419,0.0,0,1.210888725
72.66724276,2.641187814,0.0,83.06875414,12,1.84650148
242.435676,0.656471675,0.380977104,234.4062185,2,1.46026953
349.1683366,2.198520299,0.27152734,0.0,23,1.260561925
33.80425768,3.626830829,0.159505582,0.0,11,1.64327833
242.1367626,1.394170455,0.0,78.94965745,6,1.103453273
159.7500789,1.712661226,0.693006455,0.0,7,1.168862499
312.5312116,1.252836203,0.771837664,0.0,16,1.367413038
63.7739242,0.852510314,0.774689873,0.0,17,1.868376524
249.3453428,1.456511757,0.976520654,0.0,9,1.0
301.7215043,3.564458001,1.046192578,124.5082455,14,1.488275773
340.061119,2.742469869,0.0,222.688632,22,1.140157157
245.9692902,0.663496058,0.852372512,275.8734088,20,1.797063797
178.982915,0.599042119,0.672997106,0.0,20,1.606280045
222.4250065,2.119343311,0.668543274,0.0,9,1.269410771
312.8057944,0.850060326,0.550454693,52.27441564,8,1.538814463
205.4195088,0.562311716,0.379842546,202.8283607,0,1.069449382
10.93934149,3.464239601,0.811152749,0.0,20,1.04652344
335.1415304,0.322736925,0.207845416,0.0,22,2.309337339
248.2296304,1.830116911,1.041142272,0.0,4,1.150877501
243.5448189,0.452366113,0.400935043,0.0,14,1.371209828
77.64305486,3.649262936,0.0,0.0,13,1.14294477
237.1987693,1.424683492,0.645043358,0.0,10,1.0
141.791186,1.019299132,0.129037368,74.48791847,22,1.0
234.4438717,1.682961594,0.120719868,0.0,16,1.435375106
38.37349091,1.035469585,0.873518835,185.0896323,20,1.0
236.8243097,2.927893083,0.973879769,115.9899527,13,1.015464101
359.7889413,0.373155294,0.556391883,0.0,5,1.56088803
17.35633399,1.691386445,0.0,0.0,21,1.390577766
351.7827063,2.625978365,0.812567674,109.4417824,3,1.135035041
146.4868659,1.762171105,0.472180812,289.6660849,12,1.122675094
313.4712421,0.356973222,1.151304882,217.5230336,20,1.0
281.6587743,1.103543572,1.386852872,107.8911731,23,2.191690463
204.125854,1.85052211,0.0,0.0,21,1.0
265.8417153,0.88413162,1.589033565,64.85004178,16,1.704225936
316.2656021,0.77395738,0.0,174.5505542,20,1.0
145.4905158,2.046179245,0.384654364,52.35381695,11,1.650131791
117.7319382,0.424763169,1.010517491,0.0,22,1.690906787
240.3336188,0.589551328,0.311339962,0.0,11,1.0
290.8245391,0.896285766,0.274666712,0.0,23,1.053044576
274.4226485,1.764399203,0.0,0.0,3,1.727203669
287.2129136,1.753236414,0.065738471,148.74699,1,1.0
156.8099933,1.622197646,0.274264032,265.4352635,19,1.474730795
294.4203178,1.704896909,0.909760376,0.0,5,1.029166926
43.27525993,2.625044543,1.271405958,275.1297548,5,1.660246849
196.0160753,0.309561918,0.296566115,0.0,21,2.044993245
2.073117779,3.366099796,0.439691015,0.0,0,1.0
116.8508988,0.580927811,0.202451572,290.603773,10,1.535562777
131.9261526,0.430765529,0.0,282.230398,22,1.691308967
142.622169,0.908837998,0.0,0.0,22,1.0
250.3681944,1.627937493,0.08979744,72.50471443,20,1.701763535
139.8809165,1.61266853,0.579965465,117.2394717,11,1.440177259
161.5297041,0.584815344,0.348626189,188.4471664,3,1.556455155
85.51588711,0.403869765,0.449101504,0.0,15,1.0
134.370645,3.357059691,0.758723235,279.0315682,18,1.597558587
81.81706581,2.369529977,0.562994521,0.0,10,1.22683686
26.35053256,1.906668815,0.134170114,115.6468569,10,1.0
217.2414936,1.997320612,0.982910857,0.0,12,1.580497058
240.5566075,0.781588815,0.0,0.0,12,1.624462109
223.0165246,1.588092792,0.290425589,266.1820147,7,1.269291723
166.8578558,0.983188184,1.288868816,97.95275311,10,1.44514507
136.7228809,3.50157935,0.736200298,259.0700098,15,1.235301013
310.8001138,0.863077513,0.0,87.56351493,12,1.0
186.8694426,0.462377917,0.0,0.0,23,1.242285169
172.5054759,1.154572151,0.464028415,0.0,2,1.779938773
9.23114369,0.306971819,0.405352815,0.0,10,1.785631272
122.8492179,3.997652119,0.883628479,272.9265798,20,1.0
136.8704228,1.452008288,1.05229959,289.7764235,7,1.395794958
143.5762011,3.48373372,0.393753875,0.0,9,1.330685894
208.8620529,2.984884522,0.557862182,0.0,21,1.497696758
192.0969168,1.458548771,0.186973378,0.0,17,1.320832338
218.8458334,0.486942658,0.536866645,0.0,16,1.588876409
275.3579742,1.981767351,0.18998677,0.0,6,1.134458421
292.6748659,0.728504875,0.609751639,216.4007738,17,1.741338034
258.5243074,0.428617248,0.349408445,0.0,9,1.087544221
343.9885305,0.966962694,0.850254943,248.113295,19,1.377001723
6.563729763,2.256157018,1.019762988,0.0,21,1.566266592
70.48007485,1.684544433,1.117575681,71.61722059,12,1.386928608
2.722634992,1.746721602,0.614435074,0.0,6,1.0
233.0908971,0.441727279,0.842852002,0.0,22,1.419645803
323.2909976,0.905990695,0.400157262,0.0,6,1.575749845
87.65362677,2.001707395,0.263663203,85.12398838,19,1.419180943
333.7324361,0.443126704,0.053020219,78.54079337,10,1.676517916
21.6962605,1.271888322,0.743432466,0.0,9,1.768758384
336.3969696,1.384339028,0.0,149.1850414,11,1.022082835
126.5841674,0.919277664,0.949181285,265.7205322,12,1.0
36.51149824,1.28434391,0.456478862,39.61204363,11,1.0
174.9138333,3.129457201,0.482927886,0.0,11,1.328531164
92.43956438,0.637189887,0.869597423,0.0,5,1.545169947
102.5542447,3.754406688,0.0,135.4584138,2,1.250037853
110.6243874,0.474095009,0.511198456,107.5118548,7,1.0
289.0893232,3.476437811,1.231372616,0.0,16,1.418748634
194.0980596,2.367824102,0.486447786,0.0,12,1.304536618
112.0707717,1.328833047,0.070748355,0.0,7,1.364358736
219.720162,3.568189401,0.461379911,0.0,4,2.023855229
257.8142427,2.365995433,1.123563923,0.0,23,1.627347768
98.14464026,0.892444146,0.29395569,0.0,3,1.24641891
148.8776765,1.137103188,0.0,104.8195315,15,1.0
43.8789936,0.302750525,0.413244837,0.0,17,1.837923803
65.21376583,0.901332431,0.038102862,0.0,3,1.0
245.2024274,1.76338126,0.0,249.3613821,10,1.187359965
65.31780517,0.692777076,0.901468653,0.0,7,1.0
189.0588181,1.863026948,1.019219355,0.0,0,1.136793117
255.2566542,0.568145973,0.767603863,71.03638182,12,1.263739483
38.47569231,2.667663047,0.95739313,0.0,20,1.0
204.2323991,0.33494574,0.437454519,0.0,21,1.0
92.36260213,3.316714184,1.140701783,221.4556915,3,1.0
346.6536751,0.706937452,0.348657893,0.0,3,1.0
174.0764328,1.094457051,0.600206271,278.3248917,3,1.0
290.1573179,0.46902496,0.2625327,190.2496633,12,1.186870628
198.0815552,0.425669805,0.03915432,0.0,18,1.908628866
15.62851183,1.890309198,0.345658183,0.0,15,1.06045206
227.9344952,0.752481216,1.491686804,57.76893732,13,1.087953033
342.5052032,3.437390774,1.213342684,0.0,9,1.258165614
216.5802553,1.714317971,0.91004845,0.0,4,1.564754879
294.9079894,1.092080493,0.428579143,0.0,14,1.52459111
318.3143268,3.497678377,0.419501315,41.93235362,5,1.0
82.1087179,1.305802582,1.285319587,0.0,18,1.0
76.33614237,2.663953904,0.608925351,0.0,13,1.743090957
219.953156,1.523911677,0.91626046,175.5001472,10,1.091467133
147.9702491,2.776873877,0.378511917,195.9642657,2,1.685245766
302.350069,2.27785496,0.481073557,0.0,1,1.586887467
324.0083244,2.370351878,0.91226779,279.2737291,5,1.0
127.2316965,0.973604079,0.305838713,118.6154725,23,1.0
85.27340123,1.602844747,0.739307937,88.11373582,7,1.166710787
280.9891855,1.871170332,0.319870438,0.0,0,1.460203205
98.9301728,1.435291331,0.804072863,35.01706031,13,1.193028994
296.1411547,1.876223293,0.307868099,78.60496412,15,1.222010429
152.5457713,1.72192397,1.301026088,0.0,16,1.313901665
240.3179637,1.28160061,0.574303129,0.0,7,1.259659936
34.39271298,1.624558636,0.90979649,0.0,16,1.286913996
224.5893569,3.463051231,0.591735638,170.1983444,12,1.0
162.6363643,0.602643417,0.399451862,283.7656168,18,1.175373244
211.1790467,0.825366786,0.829721612,0.0,8,1.171723327
60.48511479,3.258437944,1.061520594,49.58796018,2,1.0
265.2745482,1.433366949,0.020658563,0.0,17,1.0
310.6069479,1.472664729,0.652414162,0.0,0,1.0
78.02632803,2.276741724,0.556763931,0.0,12,1.454372049
34.45723999,0.382223451,0.68390842,0.0,12,1.0
8.509890977,3.546647105,1.141539135,94.2139348,11,1.251674486
231.1097402,1.488219359,0.92651108,119.0303258,0,1.103690552
218.553853,2.104955362,1.062659734,0.0,9,1.225928225
196.8110686,3.645306918,0.705241168,0.0,18,1.664122785
83.5009546,1.529899176,0.426551956,277.0509153,21,1.00662258
140.7261585,1.098952302,0.0,0.0,6,1.259985735
214.0114807,0.302371494,1.166129066,61.55040879,13,1.555225127
178.8360692,1.562702005,0.0,0.0,5,1.361621089
355.6027873,1.71548418,1.23502781,0.0,5,1.0
49.11831092,0.912483941,0.896371077,0.0,8,1.0
250.2520395,0.697014162,1.387421295,0.0,19,1.0
145.5547565,1.040773274,0.706284613,0.0,15,1.372556386
154.1518614,1.836112805,0.800120035,0.0,4,1.28164783
258.3351956,3.593545721,0.525895721,0.0,14,1.555025628
249.2770145,0.424117877,0.630316579,75.65309486,0,1.167365624
356.8521577,1.183464254,0.310106423,116.4269749,3,1.0
46.2219442,1.314090455,0.553031747,143.5119334,9,1.0
37.47947378,2.117259118,0.261396517,0.0,5,1.0
260.7619742,0.833857443,0.618489582,95.64894003,22,1.0
208.2192901,2.626655664,0.589740981,136.4819436,1,1.824154999
98.69783996,1.903314668,0.591929835,152.6534339,9,1.0
28.59097284,0.447476278,0.563881499,135.1544521,21,1.0
30.83696985,1.418993685,0.352774138,0.0,18,1.015275435
321.9087149,0.303956473,0.823819022,235.4416899,22,1.712853178
69.0722369,0.700469872,0.725964156,0.0,8,1.488704274
116.4137624,1.25741123,0.710508839,92.47671103,10,1.197687464
81.5963048,3.061274513,0.223287289,0.0,3,1.0
127.7986701,2.985328452,0.869333358,0.0,23,1.247334038
24.99258339,0.703836675,0.294483041,101.152774,9,1.580245813
186.8615247,1.085664194,0.39089367,206.2740368,5,1.792886059
24.34052289,1.052673332,0.636698214,0.0,2,1.0
288.1283428,1.096250583,1.060062209,82.16520553,12,1.0
84.13634949,0.372503596,0.116870283,171.563974,18,1.271115491
194.4042893,1.849517666,0.204536406,179.5074251,2,1.731665974
316.8284715,1.296117131,0.0,0.0,19,1.0
234.3158529,1.560743196,0.802484602,183.3704194,17,1.0
191.8648032,2.301756094,0.465089732,0.0,11,1.043487174
116.7601511,3.392722534,0.769764926,136.4204392,11,1.0
119.8806887,1.697634823,0.735296471,0.0,20,1.0
241.0153039,0.759635365,0.915213055,83.96697381,11,2.077136605
357.89017,3.340640132,0.600575669,0.0,23,1.127900944
238.2621083,0.381237422,0.316279154,191.961593,6,1.0
200.8020303,3.485140221,0.6928054,211.5133121,8,1.0
263.0341837,0.377736711,0.765822442,0.0,11,1.213700653
167.4740204,0.328013749,0.460659144,161.450385,18,1.00848314
21.65124334,2.307725939,0.636333484,105.6430423,3,1.542989621
202.4268537,0.936221208,0.061996498,110.1254916,23,1.0
344.7451024,0.532871091,0.091003146,298.6982772,9,1.220506224
63.10905925,1.350702327,0.0,0.0,18,1.203277917
248.4017607,0.594833966,0.71542326,0.0,16,1.441915884
72.33612792,0.897810871,0.895985944,222.8303468,17,1.154468919
192.8979664,1.354004943,0.029768498,0.0,9,1.457552994
34.80352187,3.881493446,0.664445424,0.0,23,1.345790363
162.1335371,3.919969816,0.778864429,43.14018217,11,1.570348266
272.2187984,0.911064111,0.440278045,0.0,22,1.463215923
125.1257487,3.409969277,1.240619571,0.0,19,1.153224829
239.3682208,2.854871339,0.017144722,232.6312457,7,1.890228695
286.3619859,3.045571466,0.448976362,80.12438271,18,1.022588204
333.784015,0.740121658,0.0,0.0,0,1.84097438
84.47114947,2.950033514,0.73825087,0.0,3,1.662107974
143.7537297,1.629883704,0.307229898,74.25922001,5,1.500525895
54.8697648,0.759057396,0.0,0.0,21,1.228583887
357.2940608,0.303251138,0.837603964,0.0,3,1.0
333.7203485,2.262524422,0.53725495,41.14668767,15,1.344669883
194.3845669,1.908446206,0.4772093,238.064349,7,1.340753217
303.131986,1.903013039,1.050975353,129.9299428,8,1.225882507
187.5448718,0.519715561,0.287508249,272.2676409,14,1.48334365
224.4908477,1.78273571,0.857581039,0.0,17,1.628583114
32.08479556,0.470844416,0.91572003,252.3851063,2,1.0
271.8973514,3.900768589,0.374999414,30.16529762,23,1.002550975
45.97685411,3.941596299,0.60338726,0.0,16,1.0
297.3843469,1.799829454,1.271497287,66.07002278,0,1.416601252
281.5301116,2.088619622,0.196083462,0.0,6,1.894854574
255.1480912,2.768378304,0.821972307,30.04716937,9,1.0
13.01773699,0.477718808,0.624844453,169.8398885,14,1.0
109.1262081,1.740817658,1.108273888,136.1527682,22,1.0
94.72052517,0.514241439,0.586506288,102.4009079,12,1.057582846
129.6491067,3.109684381,0.874301224,0.0,22,1.0
31.55138883,3.339597456,0.0,111.8039301,4,1.735808552
337.3048163,3.090689968,0.0,0.0,6,1.569126
199.3688067,1.051239541,0.180304432,236.0605975,13,1.373581559
109.9887518,0.301718211,0.423381711,0.0,13,1.659656609
142.9133461,0.494944402,0.458330441,0.0,8,1.63847092
160.9929146,0.774642264,1.036911632,240.3720569,21,1.273862084
216.21396,0.399443127,0.44280461,277.2562127,5,1.0
185.644594,0.452459381,0.609530485,0.0,18,1.0
330.9811104,2.736633011,0.655824383,182.0229518,14,1.264875446
178.9068538,2.874947646,0.347399253,0.0,15,1.0
357.1768853,1.610248978,0.592677707,116.2916977,22,1.991422927
306.5129848,1.774215558,1.020464417,116.8816282,21,1.362837121
75.06378517,0.804795098,0.719676486,106.7772485,11,1.341298672
335.0142773,1.025982294,0.837282942,0.0,20,1.678840734
41.89190324,1.903341014,0.73328812,220.449775,2,1.41076579
294.2818951,2.946708359,1.258849667,139.842796,2,1.193997373
137.0243857,1.440218973,0.179039946,86.60579112,5,1.905544364
316.0707554,3.436812555,1.600246955,68.10411776,21,1.473746674
312.5004084,1.450717986,0.998536748,0.0,20,1.102438376
290.133144,1.392750184,1.071255698,0.0,18,1.371325357
284.4109571,0.958445586,1.123981786,151.1069342,11,1.088021518
109.6844901,3.467660239,1.014537461,85.41387112,15,1.0
29.1309419,2.179715836,0.083956138,0.0,17,1.615919765
145.0728644,2.808471512,0.146797331,270.1830582,3,1.099482562
62.4688254,0.996926098,0.879683859,271.1878361,19,1.0
250.182392,0.455764731,0.831031869,0.0,12,1.372370325
124.5959016,3.384890962,0.95432079,0.0,12,1.719511196
351.2196723,3.222417306,0.618658153,0.0,1,1.0
230.7499478,3.980795592,0.073085215,0.0,8,1.010288525
296.0930029,3.979174148,0.555948928,0.0,10,1.0
47.70888219,0.801095011,0.896545518,0.0,2,1.0
310.3252136,3.797622186,0.498731461,0.0,16,1.319114936
332.1925886,3.987823976,0.598097347,84.68867472,11,1.0
175.3422908,0.948349874,0.612021248,0.0,4,1.606239867
218.2510576,0.931219173,0.391197061,0.0,13,1.0
275.3315283,0.627645822,0.274436345,71.40151638,18,1.534951706
62.94190581,0.934719661,1.44335019,104.2434517,21,1.415721742
180.9237875,3.431139271,1.223440018,0.0,16,1.0
143.51869,0.385136023,1.028056935,102.15654,3,1.098500195
52.69463718,1.596738863,0.766012438,0.0,0,1.369442957
132.312392,0.407853013,0.198119758,65.94922112,16,1.512148316
24.54203138,0.775390182,0.954920868,0.0,9,1.845369893
9.292286502,2.717222105,1.046123831,0.0,7,1.385791034
48.6598641,2.164692991,0.462209945,221.4424811,10,1.28172354
346.7214402,3.430343905,0.172919736,233.4430898,19,1.309352209
197.8306329,2.229362485,0.770767951,0.0,9,1.197869758
347.695978,0.330109775,1.027165879,85.04789473,18,1.11274568
155.6992362,1.099382779,0.343984209,0.0,5,1.0
112.2538079,1.595319546,0.811483854,0.0,10,1.454399439
182.2110706,0.805933423,0.237024017,0.0,15,1.0
158.2242079,3.739233997,0.145328243,285.7778849,9,1.368842045
38.03928633,3.619158522,0.681946701,0.0,21,1.286066174
230.6974733,1.573824069,0.274244911,228.6394852,0,1.556760568
77.7737457,0.493010746,0.772034373,297.7388867,7,1.394652714
223.0516638,1.568727942,0.0,57.14124894,16,1.0
234.0723933,1.373261732,0.257186567,0.0,18,1.0
54.72894713,3.143474622,1.011642131,0.0,8,1.715324412
22.08586576,3.654019763,0.877006123,44.59169299,19,1.131524701
281.074171,0.53285962,0.767616253,121.7599788,7,1.858941652
165.5281526,2.871679278,0.421807333,0.0,8,1.0
20.93896638,3.343067058,0.605483907,45.00039687,15,1.372455577
358.1518742,0.967405077,0.510095714,0.0,13,1.642241369
20.80100196,0.57350221,1.533509856,0.0,23,1.334891819
250.2126824,0.85741013,0.726574165,0.0,5,1.384782398
354.1244131,2.747394339,0.293356351,0.0,8,1.528864899
86.10483752,1.683730694,0.567634472,231.6550203,10,1.630790099
51.20977273,2.295822273,0.0,87.07078397,21,1.541399375
43.69857819,0.856907286,0.0,0.0,14,1.791498868
109.1790531,3.76965939,1.185085601,278.1138695,14,1.110902033
36.37649196,3.040784452,0.709475408,0.0,4,1.968317076
249.178083,1.109859757,0.419364715,66.19111421,7,1.0
22.42504733,2.595059107,0.589391542,154.2104048,19,1.683210792
183.3919661,1.980322073,0.558332917,55.84132498,2,1.457791135
358.8108674,0.786270211,0.627036043,0.0,19,2.196432839
293.029297,1.13688032,1.059099079,233.6083404,3,1.41944147
221.4789978,1.476232814,0.814174905,98.85443153,6,1.574801626
110.2513035,1.805905647,0.436166326,0.0,16,1.0
224.6025011,0.832390681,0.0,57.8766207,11,1.641747012
189.734927,2.834682947,0.199075493,144.9168281,5,1.412725723
153.3900182,1.145889246,0.903382457,0.0,23,1.594567497
47.05573563,2.407638987,1.22483905,197.903376,22,1.0
319.1775175,0.415780633,0.248821489,0.0,20,1.100476792
161.9224736,3.120008728,0.188355189,32.88228565,3,1.37258205
70.06410426,1.2920141,0.427046889,157.3563531,17,1.271529956
132.3933663,2.833360761,1.313762477,0.0,15,1.409081082
149.0867109,1.406399853,0.659080805,47.44543149,0,1.366150731
297.9136424,0.922364679,0.295095127,219.4501163,16,1.101493526
264.101177,2.58501539,0.4555472,270.6856212,4,1.204384675
276.9497617,2.183929135,0.388725815,106.8036555,22,1.001252599
3.971255194,1.91420879,0.881653317,39.54741877,17,2.4028714
149.8154393,0.459831586,1.381392694,101.6346923,5,1.435888115
173.2838946,3.560406994,0.652332741,0.0,22,2.002459085
6.909219656,3.791123461,1.037502025,60.04489248,12,1.0
93.53275515,0.542799908,0.061572695,0.0,7,1.264619843
273.7043363,0.686989257,1.536402231,0.0,18,1.12155303
49.35949406,1.813748296,0.064368261,0.0,15,1.458374646
192.7116473,0.369436171,1.084738734,111.1042193,17,1.381657417
77.47267393,0.804571422,0.735448566,0.0,6,1.0
4.363478872,1.768410543,0.096758169,0.0,23,1.490337623
86.83252474,1.558817235,0.933780881,253.9065855,8,1.407021829
351.3145518,1.758673885,0.588367728,0.0,20,1.417830283
288.5533603,0.696473504,0.235310786,58.35993793,0,1.76093477
345.447592,1.12813504,0.604293556,0.0,8,1.679100509
175.6274558,1.902918973,0.0,0.0,9,1.950065768
39.50503152,0.407419782,0.407056802,0.0,20,1.435572982
197.265416,1.259098205,0.214226693,0.0,17,1.665570709
163.5758404,1.476905426,0.527044094,0.0,21,1.223864528
303.9685498,0.599215373,0.0,0.0,0,1.376803314
35.30972908,2.434833669,0.0,51.84133171,12,1.532402203
175.7668093,0.343622408,0.26036248,0.0,13,1.102298755
54.01751929,1.253549776,0.584676776,233.749702,22,1.324691897
116.8833337,0.430594702,0.210698506,0.0,6,1.0
265.4485479,3.211817886,0.78461842,0.0,7,1.793581292
171.3665266,0.42249778,0.880835348,120.7279982,0,1.805200707
135.3197827,3.874379098,0.262345324,0.0,1,1.0
142.0114603,1.782988357,1.156187791,105.1353816,10,1.763089404
165.4008366,2.382366078,0.478839824,0.0,0,1.687199286
282.6059558,1.691910027,1.332613222,0.0,23,1.427968504
321.150488,3.232358163,0.496150382,254.0974233,11,1.42894515
343.9204871,1.207885872,0.151345496,32.54570913,7,1.529023223
283.2852191,0.985593911,1.091236544,59.57794302,2,1.0
113.5464825,2.844627756,0.18343893,0.0,9,2.221628102
247.7284942,3.366853181,1.055081707,163.0144567,14,1.0
157.5371247,0.785036406,0.648250234,0.0,11,1.0
91.68142394,1.755499069,0.377645465,66.49076805,1,1.724581335
302.7137686,2.821065853,0.292628643,74.26224124,4,1.667074347
13.83348563,3.769826914,0.565501873,0.0,8,1.98163981
324.6343172,0.632672569,0.871939365,0.0,17,1.341786184
166.1318873,0.730249973,0.58396403,190.9954417,5,1.0
229.3925317,1.408266774,1.19180341,0.0,10,1.326091862
237.367412,1.592658648,0.129691718,59.31525361,13,1.640880794
322.2423867,2.51875999,0.56135469,239.0121403,0,1.02206844
229.2010856,0.979853153,1.040264054,58.05646794,22,1.0
221.0160905,1.616838377,0.118440375,0.0,3,1.312676213
23.9947346,0.46129538,1.016105546,92.53945264,6,1.011102892
186.6268879,0.615436398,0.607918403,34.9426332,8,1.230409687
54.06084029,0.954613408,0.644047377,0.0,16,1.052911225
265.4761567,1.970728164,0.464178745,0.0,16,1.533017039
184.3998915,1.994753688,0.116414703,0.0,10,1.120073542
244.8820005,0.675500682,0.56847631,0.0,22,1.092821362
15.00224422,3.604232894,0.377686478,0.0,11,1.58207993
30.52512578,3.468008509,1.2097223,0.0,14,1.0
257.8764197,3.6939972,0.804169046,0.0,1,1.0
25.95036096,1.724460423,0.61379952,107.9878198,7,1.435504268
25.652422,1.12952661,1.127095658,111.4603171,19,1.0
4.359051085,2.158297242,0.577555122,0.0,22,1.82036362
344.3405034,0.365282084,0.881152246,0.0,1,1.0
265.5030094,3.752612059,1.065684719,0.0,23,1.252237658
127.1705071,1.933014873,0.491093371,237.1478345,5,1.0
106.7528093,2.19662292,0.773976487,0.0,0,1.885128386
125.8931627,0.726455864,0.425323599,268.515993,17,1.0
278.8752712,1.741107042,1.058473225,232.3385443,3,2.067080698
238.09342,0.754469913,0.589102591,0.0,7,1.333301766
66.67040443,2.638844197,1.148247958,0.0,7,1.22617083
62.67936072,1.050974036,0.679542858,76.23733602,13,1.0
35.4224339,1.054739636,1.618344949,0.0,19,1.96639622
237.7089791,1.177704461,0.317138756,45.77495329,13,1.503151783
275.1741584,3.079045887,0.943880813,0.0,0,1.0
95.4167142,2.067643283,0.582738842,54.46936155,19,1.091523403
7.540185971,1.852139564,0.50995527,0.0,2,1.0
29.58180029,3.019539347,0.0,211.3079201,14,1.0
348.4296125,3.279203497,0.629112769,34.59123701,18,1.254250279
106.3601199,0.96717776,0.210291212,75.99451101,0,1.954732199
276.9203332,2.007097984,0.476125032,0.0,2,2.296687576
224.8788848,1.69637585,0.226015829,0.0,19,1.513269273
137.4982703,3.95464061,0.279536129,103.4251311,0,1.0
74.04741439,2.267340498,0.170930391,273.7826995,18,2.231749868
43.69911054,1.628860585,0.17505728,113.9786397,16,1.0
221.4046685,0.967980909,0.0,0.0,12,1.643565058
278.868161,1.472077835,0.750485258,0.0,19,1.326322198
231.8055313,0.999027999,0.607238945,68.08452893,15,1.793167459
190.908768,3.794260933,0.883116838,0.0,11,1.0
15.10244044,3.613090449,0.443243035,205.4469964,6,1.713916606
348.6559599,1.181325856,0.336098831,0.0,23,1.880485058
287.537109,2.6643585,0.564853573,269.6339054,23,1.464038812
105.4159332,2.471028903,0.880679934,0.0,16,1.305220448
352.7893186,0.494545408,0.71993595,280.5851257,10,1.708182069
216.6773723,3.588882402,0.605176227,0.0,21,1.836862978
209.672157,0.771598153,0.865753224,117.198168,7,1.113702004
269.3063446,0.725953229,0.602019862,0.0,9,1.046115453
292.2371237,3.255249402,0.363389421,256.7302424,15,1.042079977
236.3322986,3.142897131,0.963016083,283.1842632,9,1.0
46.11446869,0.907333206,0.100655415,101.3741489,23,1.673335475
121.7763022,2.090221991,0.031859086,141.0130082,7,1.297410047
334.1101105,2.757502897,0.590023119,0.0,4,1.186325241
80.86162026,1.303478698,0.634333353,0.0,16,1.12256889
133.9801286,3.77920279,0.693209167,167.1785572,12,1.475063993
155.5476779,1.996762585,0.46895452,31.44917805,9,1.034874434
158.1857963,2.962263622,1.14123412,93.85954044,9,1.659010523
220.6582497,0.476919868,0.000582379,193.2003595,20,1.148969193
339.5073016,1.008774755,0.653993742,139.9357714,22,1.0
86.64937626,1.020194923,0.903458466,0.0,11,1.541974576
43.74049547,1.659490171,1.153740694,146.3958194,11,1.0
71.08937635,3.811721128,1.133731091,0.0,6,1.271727369
319.2929641,3.759590415,0.161525249,0.0,10,1.674075067
232.4918926,0.664062956,0.744855288,114.5310563,19,1.319403452
102.9264441,3.608586928,0.514382036,0.0,23,1.343311759
293.740898,2.823845256,0.592420575,84.5415121,11,1.124579588
310.0931987,3.893016757,1.053572,217.1107918,3,1.367305325
304.7451619,0.990757616,1.359971807,99.5927191,17,1.050442281
330.8135521,3.120385108,0.704364318,182.5087405,9,1.510883767
90.80676726,1.195775111,0.0,0.0,19,1.165666852
271.8150943,3.434655574,0.0,149.4968493,1,1.224635043
165.794219,1.451215313,0.581400123,53.58427626,0,1.0
303.119479,0.872748401,0.999025821,114.3876547,13,1.506909394
262.2566438,3.254674221,0.285825807,256.4860764,16,1.082591362
279.5210807,0.732626267,0.523529859,0.0,3,1.0
236.2182616,1.175511452,1.247163401,149.017647,8,1.092611565
63.87435701,1.643997954,0.441407976,0.0,6,1.625770037
196.2096908,0.604853519,1.301139892,169.4040723,20,1.531991745
354.4811062,3.507243761,0.427889457,84.12008081,21,1.0
337.4597039,1.016893355,0.961708093,64.54304109,16,1.022257845
15.54254489,0.854991174,0.630741413,115.1335697,2,1.875428274
59.33333366,0.958798235,0.910653763,128.7690168,0,1.80225375
47.42235844,0.639677278,1.403456416,39.68522053,9,1.0
261.3527676,1.719196561,0.767868254,105.8109304,4,1.659387458
294.4027187,0.695951418,1.104429439,0.0,3,1.0
76.86409187,0.377410441,0.242147431,97.38314296,18,1.0
182.1069695,3.574139005,0.227428881,148.6142244,5,1.0
302.6530901,1.188394767,0.0,0.0,5,1.595221522
263.8085561,1.209738994,0.177741277,0.0,8,1.313331855
195.205394,3.862316182,1.206906661,263.9164155,19,1.502784159
212.5251686,0.90476992,0.732584859,0.0,8,1.0
183.0097969,3.605260843,0.49303917,225.1796043,14,1.653461941
107.1174425,0.835393525,0.681678005,0.0,19,1.954352227
203.4079174,1.14104969,0.872078622,274.2298539,7,1.396240231
247.9987087,0.416114547,0.911402394,0.0,23,2.094605474
314.3962497,1.236171982,0.687430958,0.0,1,1.64830162
229.0648874,0.370147944,1.153086973,0.0,9,2.022768031
274.0037533,2.245478639,0.211695423,0.0,13,1.208044271
57.62578858,0.587728546,0.45973365,0.0,23,1.428247621
166.1606908,0.992533301,1.06810511,279.0884832,1,1.028659414
3.359383138,3.65455391,0.982542921,172.8800772,23,1.0
88.80439123,0.796926803,0.74833155,65.17406744,21,1.0
261.5262174,0.359273309,0.382833295,289.0320807,12,1.413877328
357.0515825,1.754931733,0.915026979,0.0,18,1.0
35.70411585,0.633148688,0.236335376,97.00911466,6,1.345433444
144.5379537,0.862186916,1.072806228,113.9617623,11,1.0
288.0255487,2.897853419,1.20868916,0.0,5,1.167751964
73.45282847,1.814796173,0.369552634,199.2192036,2,1.404147692
199.8305817,0.961632833,1.635331724,0.0,4,1.018087916
263.9056666,0.909623399,0.20106617,0.0,3,1.174696273
221.7547621,1.56371768,0.524388764,127.7731626,13,1.292071888
67.68890446,1.565017769,0.514542704,0.0,5,1.144395168
127.9384447,1.885228984,0.558474361,0.0,16,1.414250481
282.1650424,2.495472328,1.169931915,201.9732457,16,1.0
199.5215451,0.622228889,0.77509207,0.0,23,1.0
1.882660875,3.001411181,0.267437628,88.20622504,12,1.0
273.9566736,1.265149002,0.643614263,278.7033571,23,1.215185585
12.71208778,1.590986685,0.865285124,269.6524132,11,2.023018254
268.4641618,0.440681823,0.808329274,267.7180966,23,1.531654403
72.89300166,3.413121629,1.088872847,225.4309986,1,1.0
344.9064528,3.070999431,0.635755726,76.36868279,13,1.383512829
132.4586705,1.646860224,0.919838551,0.0,4,1.079489242
117.6953819,2.110758268,0.543061329,188.700857,7,1.118078283
53.59969812,1.730762302,0.341295719,268.910699,14,1.008735632
110.0175176,1.079831067,0.143452832,218.0080643,8,1.187928352
315.5942743,2.857858118,1.226594461,0.0,15,1.0
358.6803615,3.701201097,0.0,0.0,12,1.251168843
132.591431,1.6588347,0.701618373,76.19460687,21,1.426201118
161.4998271,3.266677164,0.763857475,0.0,14,1.0
259.9455378,2.928669747,0.207724825,0.0,3,1.088152046
319.030481,0.705090453,0.960380215,33.75854473,15,1.0
213.4959603,0.875152618,0.059808418,35.6629218,11,1.137624728
140.9492513,3.543281474,0.368126127,0.0,19,1.33570422
148.5438627,0.560063703,0.985876168,0.0,21,1.224237278
250.4225327,0.579509479,0.079695388,0.0,11,1.561613874
1.158574898,0.771965593,0.926791967,223.1173025,14,1.681708074
223.0521615,0.999771244,1.046313314,0.0,4,1.063859784
127.9774838,0.404366975,1.029249512,0.0,0,1.206984268
285.9110393,1.353154402,0.749750541,0.0,19,1.0
33.47663034,2.535296325,0.264581086,0.0,2,1.106917388
211.7528161,2.459979227,0.203907307,0.0,7,1.320648677
173.1502404,3.010127568,0.398650572,189.4992706,6,1.601475044
231.2371893,0.610741689,0.0,103.4360114,12,1.260506053
23.34729401,3.632251147,0.609285624,251.2768766,9,1.42320616
208.7941635,2.100337687,0.553950856,0.0,16,1.0
202.1344517,2.34572105,0.630354203,152.5058588,10,1.397485715
201.837634,3.26542062,0.503914446,182.2135607,7,1.0
217.25556,3.704295968,0.670677473,0.0,22,1.927783024
243.5284574,0.328009191,0.631707311,30.66491409,14,2.025906579
289.7960399,3.173533528,0.015966601,0.0,11,1.916985259
97.13545925,0.900596656,0.711981799,0.0,17,1.0
297.0177877,0.434803268,0.59156449,0.0,9,1.562557535
179.3720456,1.059979272,0.0,208.2576068,11,1.0
27.74098049,1.071899419,0.957930251,85.59406414,3,1.728083128
21.07833453,0.426203091,0.480682525,39.4552881,14,1.285701323
120.3257947,1.548719606,0.854252159,0.0,17,1.0
282.5629118,1.112201367,0.582284226,63.07655838,12,1.54047822
254.7651365,0.688512967,0.0,114.8755091,23,1.161560059
283.9013873,1.513857359,0.700207496,0.0,16,1.159910542
186.2168603,0.436622231,0.798562973,0.0,0,1.510767337
158.4716393,0.514740926,1.068217915,82.98752155,23,1.699133755
53.08290961,0.920714074,0.96757708,0.0,4,1.406760652
118.1493913,1.533753321,1.079326716,0.0,16,1.0
156.2469718,2.59260409,0.894538421,0.0,19,1.405877184
31.89615468,0.76353012,0.403341809,0.0,17,1.0
79.42030298,0.436988978,0.412788795,195.30233,8,1.491227993
215.3611059,2.895001395,0.995575153,215.9896695,9,1.428529588
264.8387211,2.324958307,0.444641011,117.0361951,21,1.169297966
359.4051041,1.770728615,0.81193438,298.4399385,16,1.240198454
335.9207993,1.41176455,1.283736055,0.0,0,1.0
231.3234718,1.160515415,0.352832041,105.3646198,3,1.918705904
151.6492992,1.679551862,0.891320564,0.0,17,1.400809131
229.0238513,0.683509567,0.27878554,0.0,14,1.371354749
282.8345825,0.615273053,0.834561124,0.0,14,1.390032604
42.60102873,0.422049695,1.245477223,99.3978113,0,1.0
147.5657603,1.895445314,1.135505064,0.0,21,1.658754316
302.3288228,3.194124042,0.445959351,0.0,23,1.103819759
138.1798627,1.257797662,1.229493227,0.0,0,1.311085874
205.8740176,3.103759884,0.510097967,59.42295568,10,1.02387753
211.5969699,1.155540092,1.515390003,0.0,10,1.0
66.41145113,1.879272641,0.612968451,235.2422616,5,1.046125679
130.404759,3.358894672,0.865132037,0.0,0,1.186972084
120.4240639,0.982022346,0.852974716,0.0,13,1.25789568
9.430815072,1.409496278,0.162432083,272.2474525,23,1.061428502
8.709035001,2.882622225,1.150506484,142.2030285,5,1.220163409
299.4109357,0.967559516,0.687817604,0.0,16,1.141216942
98.30549159,2.84506671,0.377640361,100.3457827,8,1.0
186.5083558,1.299080212,0.299482552,0.0,16,1.249125856
107.5412065,2.131675484,0.358922696,32.22894431,13,1.248947521
338.6445282,0.561548573,0.569219194,86.09204479,18,1.0
93.34683319,0.707787686,0.173118328,228.8018152,7,1.63422601
154.6764526,0.798902602,0.273446051,46.98786029,23,1.258566165
314.1828902,2.275902021,0.0,0.0,22,1.418013344
303.096084,0.603156143,0.276284874,114.6426535,11,1.0
66.99651042,0.712653769,1.145750438,219.8401021,1,1.0
288.9515915,0.895209116,1.080506417,111.4163406,2,1.153102163
164.9472792,0.842958245,0.708024144,104.3346504,20,1.0
173.868794,3.162217043,1.442525733,196.8834045,12,1.0
48.05279007,0.849109079,1.085935685,0.0,4,1.810789097
29.01654495,1.418940842,0.7738822,83.46646124,17,1.03774493
262.0581505,1.808014749,0.817401712,277.1801566,0,1.21149996
178.7260148,0.636165699,0.635516815,0.0,4,1.385461146
157.2662529,1.361690811,0.096257003,117.3420374,20,1.185898158
262.6229623,0.990449057,0.493397116,0.0,11,1.0
275.5846436,0.796490408,0.0,207.2522925,18,1.688254173
57.20694036,0.906363536,0.162248594,65.08810874,23,1.081545206
219.6810538,1.581384895,1.155195267,41.72835146,5,1.52780557
48.72746962,0.836635866,0.630968945,168.9121922,1,1.857676415
270.495031,1.237314161,0.173554449,0.0,1,1.0
236.5038563,3.212178681,0.810813149,101.1614401,19,1.622030484
344.3812636,0.696526624,0.841746126,0.0,12,1.339183501
24.82488589,3.260104404,1.216825943,296.5710565,13,1.0
20.53969961,0.84487693,1.311312333,0.0,5,1.46952016
101.5873469,0.726697974,0.912489412,121.7084535,11,1.341553987
94.21404614,3.599120632,0.0,212.9145992,12,1.055305172
88.91236767,0.357563255,1.512144261,0.0,23,2.061388657
326.251649,3.387452123,1.141353996,0.0,7,1.452945458
89.83663195,2.227523443,0.939679178,0.0,13,1.0
97.90190141,0.698173112,0.593330932,162.2260326,17,1.431749638
273.3833745,0.758235047,0.0,45.64792878,3,1.227058168
161.9063433,3.540319046,0.37598861,0.0,5,1.0
279.6158005,2.487647705,0.579635055,0.0,21,1.206659867
23.53181672,3.892392568,0.439638905,0.0,5,1.454951328
175.5256297,0.337081034,1.037382437,0.0,14,1.0
12.10089607,1.806209655,0.569391517,0.0,23,1.0
22.55515324,0.398199509,0.289333642,0.0,23,1.0
326.3174832,0.925265303,0.800290232,0.0,12,1.0
50.1283336,2.479559478,0.268310632,68.79268948,6,1.513675738
191.6714456,1.511442834,0.0,0.0,12,1.463437649
147.9944169,0.430722399,0.803773956,45.22269899,20,1.0
125.0435975,2.784889688,0.57100098,0.0,5,1.213654215
323.9400044,3.886759438,0.662727532,0.0,5,1.0
7.856422839,1.318276546,1.150494216,100.2347744,13,1.04085346
238.964287,0.932637083,0.700393599,0.0,2,1.034653803
346.8219963,0.450731369,0.827677569,0.0,10,1.419601745
201.660546,1.842356788,0.606863243,37.29367167,12,1.771187731
337.2560863,1.140811862,0.923991069,0.0,2,1.0
18.81283654,1.787122863,0.0,129.9385893,11,1.0
150.7655949,1.862251628,0.290259605,92.53605594,22,1.409218016
93.65680475,1.977145333,0.445534906,0.0,21,1.0
263.0955474,0.87224878,0.40822625,40.13878801,20,1.0
353.2669526,3.153579417,0.283354789,0.0,21,1.642603439
92.35082248,1.273329583,0.567205628,132.5838348,21,1.789364018
235.5028565,0.935780988,0.545728226,0.0,19,1.0
71.31514779,0.961632006,0.567002841,0.0,4,1.0
203.5188916,1.565403392,0.680183401,271.6676443,12,1.567992605
167.0156952,3.014005981,0.799116268,145.1834006,22,1.68337659
349.9219187,0.646821435,0.289617006,292.0448598,10,1.17792965
219.0698182,1.668951642,0.391062415,89.63833579,16,1.017282793
125.822294,3.258226287,0.969091628,190.1970446,9,1.501201601
41.07448256,2.126298404,0.223222202,0.0,11,1.42702764
54.44885834,1.103497504,0.276823306,87.89196518,5,1.269393513
81.11409478,0.797271353,0.290813801,254.1000804,4,2.018448457
90.34799808,3.097584625,0.520046776,0.0,21,1.383122042
306.2217808,3.91096179,0.999254414,46.09219101,0,1.0
202.0402038,1.200220936,0.809559508,0.0,19,1.452181771
188.4207281,0.673121393,0.250827593,49.58604799,23,1.010320045
41.31679387,0.316174797,1.325293283,208.9052349,19,1.216780467
309.6502896,1.32393912,0.321740859,0.0,14,1.591098858
260.2131492,1.858912326,0.0,0.0,15,1.629295074
24.36061028,1.88888794,1.329675767,109.8763452,9,1.0
254.820635,0.848592092,0.26525922,114.9569767,23,1.056727345
195.6737582,1.778652151,0.555638684,74.89564995,7,1.081923652
29.42112447,1.044295431,0.546406144,0.0,1,1.282755346
164.988231,2.326131735,0.832701655,100.6757806,21,1.0
174.4906634,2.287731486,0.0,0.0,6,1.169590629
59.67883446,1.06113763,0.479725174,57.74496766,22,1.25283446
340.4513329,1.809753717,0.453291826,0.0,0,1.0
305.9911337,2.373001167,1.165484716,0.0,19,1.216491475
240.8480414,0.556519652,0.382576391,49.23691457,22,1.674343962
166.426402,1.464721956,0.47170435,39.23771954,5,1.0
148.235595,1.872636688,0.904063812,95.70812143,12,1.343995565
234.3504482,2.05545065,0.804560025,153.0056411,11,1.320899097
196.355473,0.717065273,0.310382718,0.0,18,1.0
22.41831812,2.131553407,0.771362437,0.0,16,1.149289504
184.5009536,2.532175472,0.30504858,0.0,4,1.255904677
290.3053022,0.613758607,0.921293222,167.0214416,23,1.7912823
165.3263559,1.606124389,0.535910612,149.5695766,14,1.145382262
18.70436792,0.448100965,0.097340334,271.3363658,13,1.442312997
283.0601518,0.84572605,0.0,76.1951399,2,1.009619004
72.49096157,1.014628539,0.449592705,0.0,4,1.412645089
93.10350056,3.059726182,0.286521242,212.9030059,13,1.642867323
59.29428724,0.572386107,0.504151807,0.0,7,1.0
118.8774234,2.53837288,0.580301691,90.57708585,10,1.34929038
272.430542,0.525970148,0.0,61.93205128,14,1.50707776
186.9789094,0.770459073,0.308050808,106.5627346,12,1.240560179
73.75725869,1.363128443,0.54825288,53.58576474,4,1.390427766
316.0188281,0.867466041,0.640018672,183.7153016,12,1.596619431
316.6494678,3.847085514,0.919291308,118.2232165,2,1.0
313.408233,0.683684045,0.988218083,0.0,12,1.450379807
85.9666361,3.913017492,0.504539227,187.9476757,10,1.770722646
162.4461639,3.562086242,0.540849574,0.0,8,1.124517113
354.5962762,1.815621771,0.407728671,219.060809,3,1.043242632
277.9244915,1.374852273,0.862301083,0.0,16,1.042030352
9.780271641,0.832944759,0.446195171,117.2587386,14,1.415338331
23.47365285,0.636186848,0.213271489,0.0,17,1.865842619
167.0152957,0.589847478,0.0,0.0,15,2.128369448
327.3192741,0.712383115,0.220997643,64.27218949,23,1.927823099
193.9326473,3.362354192,0.493652019,139.3486272,1,1.161654756
179.2125029,1.894228043,0.991823046,0.0,5,1.0
37.97053198,2.722181158,0.618205345,178.4773444,11,1.0
236.4408377,2.399296038,0.645793484,32.282239,4,1.478444861
295.9571378,0.351920841,0.601349419,0.0,23,2.475167003
136.9512027,0.562475184,1.111926788,0.0,16,1.382519096
279.2202663,2.204826246,0.803145323,0.0,18,1.437042177
347.2115954,2.339640692,0.594115216,0.0,11,1.28274057
73.35592529,2.385069635,0.360533528,0.0,4,1.522440117
188.3986672,0.379973917,0.095802567,35.9544847,23,1.051194113
103.3696649,1.292176803,1.260981259,180.4991389,6,1.429884247
285.4275909,2.354427817,0.921447219,220.1442025,1,1.180208839
207.9336117,3.472475193,0.522640744,88.64791584,11,1.490873113
228.4496703,2.791198364,1.317582872,0.0,22,1.295138417
287.2490975,3.305019986,0.596949088,0.0,4,1.507732556
142.5493702,0.591696065,0.273301342,0.0,21,1.0
329.4324246,1.845107299,1.088664633,222.2849168,7,1.735943631
191.8903922,2.129209296,0.087603698,61.97737177,4,1.688946089
56.86373622,1.776116598,0.439641055,67.04580289,15,1.180468288
250.5236825,0.461000317,0.119737311,41.27674743,8,1.074417756
285.5740862,1.473421131,0.280260022,216.5564192,0,1.0
114.0342037,0.404656048,0.679932038,0.0,4,1.0
308.5845325,2.976419957,0.734876282,0.0,0,1.143318549
326.2115717,0.62377446,0.159123074,198.4270933,16,1.361600018
99.68561546,3.78446172,1.323664065,252.4417381,0,1.380552755
354.0677302,1.481944279,0.0,0.0,14,1.99715639
50.6561501,2.513937708,0.651828352,0.0,4,1.095247011
72.72564062,0.520133645,0.66206069,202.497051,8,1.055533494
66.32094213,2.828766339,0.705393004,0.0,17,1.262720875
321.8362956,1.489330832,0.951731611,95.87116328,5,1.0
235.5453188,1.414690154,0.0,0.0,20,1.911716328
54.75754196,1.324886606,0.290379828,37.59158665,11,2.017098959
158.5164306,0.928756463,0.660507146,89.22369348,13,1.6168964
221.507289,3.803288356,1.281230715,270.0876816,6,1.672301749
30.0470706,2.874048152,0.3672719,98.70275796,6,1.235313286
317.6698926,0.582022705,0.523038745,32.02799394,18,1.569133094
289.2972728,0.555517713,0.890183319,0.0,5,1.799330574
181.8744385,2.01426004,0.116174313,204.6195185,2,1.171381825
348.1655815,1.047612378,0.608978229,0.0,15,1.87311167
150.3939525,1.037351635,0.557946085,225.0328068,15,1.290481341
354.2797149,1.24645987,0.356310801,0.0,17,1.260696822
240.4511996,2.810942946,0.801216296,0.0,4,1.0
228.4816584,0.379399199,1.462766106,129.6315113,19,1.388284167
59.74376231,0.331885109,0.66948471,0.0,3,1.748025254
317.493993,1.169713416,0.0,0.0,15,1.0
153.8962877,0.987342449,0.251553286,31.14106554,3,1.437275425

